text,label,prob
"ร้านนี้อยู่ตรงข้ามณัฐวัฒน์เพลสค่ะ ก่อนถึงสามแยกเหมืองหิต เป็นร้านเพิง มีป้ายบอกชัดเจน สามารถจอดรถข้างทางได้ค่ะแต่กลางวันคนจะเยอะมาก

สั่งเส้นมหมี่ต้มยำมาทาน รสชาติพอทานได้ค่ะไม่ได้อร่อยหรือแย่อะไรมาก คือไม่เปรี้ยวแบบต้มยำเลยต้องเติมเอาอีกที สรุปให้แค่3/5พอทานได้ ดีที่ปริมาณเยอะ มีผักให้เติมได้ กับราคาถูกชามละ30บาทค่ะ
คะแนนรวมร้าน⭐️⭐️⭐️
บริการ⭐️⭐️
รสชาติ⭐️⭐️⭐️
ราคา⭐️⭐️⭐️
ความสะอาด สวยงาม⭐️⭐️⭐️",0,0.18476751513707848
นั่งจิบสปายเบาๆ แล้วเราจะสบาย เท้าหย่อนไปในน้ำฟินๆ ที่มัลดีฟส์เมืองไทย ในกาญจนบุรี ธรรมชาติสร้างสรรค์ ความมันจึงบังเกิด รีบอยู่ใยไปเถิด ไปมัลดีฟส์เมืองไทย มีของกินเยอะแยะ เที่ยวไทยมีดีกว่าที่เราคิด #spyclassic,0,0.0013045063554162596
"ถ้าใครมาถึงตลาดใหม่สามย่าน ก็ต้องรุ้จักกับสเต็กอ้วน ผอม เป็นอีกคนต้องไปลองนะค่ะ 
ร้านจะตั้งอยู่ที่ชั้น 2 ของตลาดใหม่สามย่านค่ะ บรรยากาส ก็จะมีที่นั่งให้เลือกเยอะค่ะ เป็นคล้ายๆๆโรงอาหารเลยมีให้เลือกหลายร้านแต่เราเน้นที่ร้านสเต็กอ้วน ผอม 
เมนูทีสั้งก็ต้องไม่พ้นสเต็กรวม จานใหญ่มาก เห็นแล้วต้องตกใจกันไปเลยทีเดียว และก็สปาร์เก็ตตี้ขี้เมาทะเล แช่บเวอร์  จานใหญ่ กินคนเดียวคงไม่หมดแน่นอน 55 เรื่องราคาไม่ได้ใหญ่เหมือนจานเลย ราคาไม่แพงด้วยค่ะ",0,0.00012533746216327317
"ผ่านมาโดยบังเอิญเพราะต้องออกพื้นที่ แต่ ดันง่วงไม่เป็นเวล่ำเวลา :(
แวะมาแบบ งง ๆ แต่ไม่เสียใจเลยค่ะ 
กาแฟเข้มข้น หอม ไม่ติดเปรี้ยวมาก แต่ ติงนี๊ดดดเดียว ใส่นมน้อยไปนิดนึงง่ะ เลยติดเปรี้ยวปลายลิ้น 
ส่วน พิซซ่า ไม่ทันได้ลอง เพราะเวลางาน เร่งเหลือเกิน งือ ๆ เสียใจจุง",0,0.0033766127625322897
วันที่ไป แวะไปช่วงบ่ายๆ หลังจากเสร็จธุระ แล้วก็คิดว่าน่าจะดีว่าไปทานตอนค่ำ คาดว่าคนอาจจะเยอะ เพราะตั้งใจไปจะไปหาร้านบรรยากาศดีๆทานอาหารชิลๆ ราคาเปิดมา พอรู้อยู่ล้วว่าจานหลัก 300-600 แต่อยากพาแฟนไปทานเนื้อแกะ อาหารถือว่าใช้ได้ แต่สปาเก็ตตี้ ไม่ค่อยอร่อย จานแกะ ถือว่าดี ของทานเล่นก็เป็นคริสปี้แฮมชีส ถือว่าใช้ได้ แต่ ... ที่ร้านร้อนไปหน่อย เพราะมีกลุ่มพนักงาน เดินเข้าออก เอาของจาครัวข้ามไปอีกฝั่ง และเปิดประตูทิ้งกว้างไว้ เสียงรถดังมาก เดี๋ยวเดินเข้าเดินออก ไม่เสร็จซักที จริงๆควรมีทางออกด้านข้างให้พนังานขนอาหารออกไป เวลาเรียกสั่งเครื่องดื่ม หรือ ของหวานเพิ่มยากมาก พนักงานบริกรไม่ดูลูกค้าเลย บางที่พนักงานก็คุยกันเองเสียงดังกว่าลูกค้าเสียอีก แต่พอมาถึงโต๊ะ ก็บริการสุภาพดี ขอชื่นชมครับ แต่โดยรวมผมว่ายังไม่คุ้มกับราคาอาหารครับ ไปตามโรงแรมในราคานี้ ได้บริการดีว่านี้นะผมว่า สรุปวันนั้น เสียไปกือบ 2 พัน เสียดายอยู่ครับ ความเห็นส่วนตัวจริงๆนะครับ ท่านที่ไม่เห็นด้วยต้องขออภัยครับ อาจจะเป็นจังหวะไม่มีของผมเองครับ,0,0.9099070121457543
อาหารอิตาเลียนยังไงก็ต้องมากินกันเยอะๆ หลายๆคน เพาาะจานนึงนี่ใหญ่พอสมควร กินคนเดียวไม่ไหวจริงๆ เมนูแนะนำต้องเป็นพาสต้า ต่างๆ พิซซา Parma Ham กับ salami เด่นตรงที่ชีสนุ่ม และแป้งบางๆ ขนมหวานนี่ดีงามเลยทิรามิทสุ จัดมาสวยงาม pana cotta นุ่มเด้งทีเดียว,0,3.747993792577594e-07
กลับมาอีกครั้งกับการรีวิว ร้ายก๋วยเตี๋ยวเนื้อวัว@สุราษฎร์ธานี(น่าน) ซึ่งนักชิมไม่ควรพลาดเลยทีเดียว ดิฉันไปทานเกือบทุกวันเสาร์ บางคนคิดว่าราคาแพง แต่จริงๆแล้วถ้ามาลองชิมจะรู้เลยว่าของเขาดีจริงๆ คุ้มค่ากับราคา ด้วยรสชาดที่อร่อย วัตถุดิบที่อัดแน่น เข้มข้น ลงตัว ดิฉันจะชอบทานสองใจลังเล ใส่แต่ใส้หวาน เอ็นแก้ว เนื้อตุ๋น แล้วอีกเมนูคือหม้อไฟทานกับข้าวสวยร้อนๆเข้ากันๆ ถ้าหากผ่านมาหรือตั้งใจมาก็ตาม ลองชิมนะคะ อยู่ตรงข้ามกับเทศบาลจังหวัดน่านหน้ากาดน่านคะ,0,1.5960881478604666e-08
"เดินสายเกาหลีต้องมาชิมชอบเกาหลีต้องมาาลองง
ตัวร้านที่บรรยากาศค่อนข้างดีตามสไตล์เกาหลี 
พนักงานเสิร์ฟเรียกยาก พนักงานเหมือนจะไม่เพียงพอเวลาลูกค้าเยอะๆ แต่โดยรวมก็บริการดีคะ 
ส่วนอาหารที่สั่งมาก็มีของขึ้นชื่อร้านเลย(จำชื่อเมนูจริงๆไม่ได้ขอเรียกตามความรู้สึกเลยนะคะ)
1.บิบัมบับปลาหมึก ปลาหมึกค่อนข้างเล็กแล้วก็น้อยด้วย ตัวข้าวพอคลุกกันแล้วโอเคเลย เติมโคชูจังสักหน่อยอร่อยเลย
2.ซุปกิมจิ รสชาติโอเคเลยแต่เหมือนขาดอะไรไปสักอย่างเลยยังรู้สึกไม่โดนใจ เครื่องแน่นมากก
3.คิมบับ ปั่นมาก้อนเบ้อเร้อเลย เครื่องแน่นมากๆ จานนี้ถูกใจมาก อร่อยด้วยยย เยอะะอิ้มมากก
4.ชาเขียวร้อนอะไรสักอย่างง กลิ่นหอมดีคะ จิบๆไปก็เพลินดี
5.ชาเขียวเย็น ก็รู้สึกเหมือนชาเขียวทั่วไปนะคะ
 
บางอย่างรสชาติยังไม่ถูกปากแต่โดยรวมก็โอเค มีเครืองเคียงเติมฟรีนะคะ ปลาอร่อยมากก ใครว่างก็แวะมาชิมนะคะ บิบิมบับขึ้นชื่อจริงๆ",0,0.0004442183419409902
หลอกได้ก้อได้ พวกที่ไม่ศึกษา แหละ และส่วนใหญ่คนไทย ชอบพูดในขณะที่รู้ไม่จิง,0,0.9983515171024067
ถึงชื่อจะเน้นเป็ด ร้านนี้ไม่ได้มีแค่เป็ดนะจ้ะ เมนูเยอะแยะเลย ราคาก็ดี หลัก 10 ยันหลัก 500 มาคนเดียว 100 เอาอยู่เหลือเฟือ บรรยากาศร้านไม่ต้องห่วงลมโกรกดีมาก พัดลมนี่ไม่ต้องเปิดเลย  ตอนนี้มีโปร ไลค์ แชร์ ฟรี เครื่องดื่ม 1 ขวดนะจ้ะ,1,0.600188359260205
"ร้านเป็ดย่างในตำนานที่ผ่านร้อนผ่านหนาวมาหลายชั่วคนมากกว่า100ปี อยู่ตรงข้ามโรบินสันบางรัก ไม่สามารถจอดรถหน้าร้านได้ แต่ก็ไม่ทำให้คนกินน้อยลงไปเลยทั้งไทยจีนฝรั่ง ร้านห้องแถวห้องเดียวมีให้บริการทั้งชั้นบนและชั้นล่าง มนต์เสน่ห์ของร้านเก่าโต๊ะโบราณบวกกับรสชาติและการบริการที่ถือว่าเร็วถ้าดูจากจำนวนคนยังกะจะแจกฟรีก็ว่าได้

ข้าวหน้าเป็ดย่าง หนังบางเนื้อนุ้มๆชุ่มด้วยน้ำราด รสหวานนำ ตัดเปรี้ยวเค็มด้วยน้ำจิ้ม เนื้อเป็ดค่อนข้างหนาแซกด้วยส่วนผสมที่ใช้หมัก ไม่มีกลิ่นสาบ เนื้อเป็ดมีรสของตัวเองไม่แห้ง 

ข้าวขาหมูรมควัน ใช้น้ำราดเดียวกับเป็ด หวานนำแต่ตัวหนังให้ความกรุ๊ปกรอบ เคี้ยวง่ายอร่อยไปอีกแบบ

ติ่มซำ เสียบไม้แต่ละลูกขนาดพอคำ ใช้แป้งเกี๊ยวห่อแค่ฐาน ได้รสหมูและสาหร่าย ตัวไม้สาหร่ายมีเพียง3ลูก",0,0.14804720367010532
"วันนี้ระหว่างมาทำธุระที่ว่าการอำเภอบางพลี ระหว่างรอเจ้าหน้าที่พักเที่ยง ได้มีโอกาสมานั่งจิบกาแฟชมวิว ถ่ายรูปเล่นค่ะ
สั่งกาแฟคาปูชิโน่ไม่หสวานไป 1 แก้ว และแบบธรรมดา 1 แก้ว
รสชาติอร่อยกล่อมกล่อม หอมกลิ่นเมล็ดกาแฟคั่วมากค่ะ
มีโรยผงชินาม่อนประดับและเพิ่มความหวานแบบธรรมชาติๆให้ด้วยค่ะ
แก้วน่ารัก ตกแต่งด้วยดอกไม้คิขุมาก อยากเก็บแก้วกลับไปใช้ต่อจริงๆ แต่ไม่มีโอกาสค่ะวันนี้มือไม่ว่างเลย ><""
ถ้ามีโอกาสระหว่างรอทำธุระอย่างลืมมาแวะนั่งจิบกาแฟริมแม่น้ำของร้านนี้กันนะคะ
บรรยากาศร้านน่ารักมากๆ ประดับประดาด้วยดอกไม้หลากหลายชนิด ร้านอยู่บนเรือนแพ ติดแม่น้ำ มองเห็นปลาได้เลยค่ะ",0,1.1079048772479835e-07
"ร้านสวยบรรยากาศดีมากๆอีกร้านนึงในกรุงเทพ เป็นร้านกลางแจ้งค่ะ ตึกก็ตกแต่งด้วยสีสดสวยงาม ร้านมี2ชั้น ถ้าชั้น2 จะสามารถมองเห็นเวทีดนตรีสดได้ชัดเจน ตอนกลางคืนมีดนตรีสดนะคะ เป็นเพลงฟังสบายๆ อาหารที่นี่เน้นเป็นอาหารไทนแนวฟิวชั่น กับอาหารอิตาเลี่ยนค่ะ อาหารจานใหญ่และราคาค่อนข้างแพง วันนี้สั่งเป้นสปาเก็ตตี้คาโบนาร่า เส้นสปาเก็ตตี้ลวกมาได้เหนียวหนึบกำลังดี เบคอนที่โรยมากรอบอร่อยเค็มค่ะดีค่ะ แต่คิดว่าจานนี้ผัดมาแห้งไปหน่อย แต่โดยรวมรสชาติดดี อีกจานเป็นยำเเซลมอนรสชาติมาตรฐานค่ะ
ให้  4 ดาว",0,1.8370861928652627e-08
"การตกแต่งของร้านแปลกตาแนวความคิดมาจากหนังสือเรียนมานะกับมานีซึ่งเด็กสมัยนี้อาจไม่รู้จักแล้วแต่จะบอกว่าตัวเองแก่ก็กะไรอยู่ พอเคยได้ยินมาละกัน55555
อาหารรสชาติเหมือนสุกี้แต่น้ำจิ้มอร่อยดีค่ะทานได้เรื่อยๆมีเมนูให้สั่งหลากหลายอย่าง
พนักงานร้านต้อนรับดีด้วยหน้าตายิ้มแย้มค่ะ
เข้ามาเหมือนหลุดมาโลกของมานีเลยพรักงานในร้านเปนมานีกับมานะด้วยค่ะการแต่งตัว >.<
น่ารักดีค่ะ",0,0.009412590968309468
อาหารทำอร่อยดี สั่ง ยำไข่เยี่ยวม้า กับ ลาบหมูมากิน แต่บริการแย่มาก ไม่ค่อยสนใจลูกค้า ผมมาคนเดียว นั่งอยู่ประมาณ 10 นาทีก้ยังไม่มีใครมารับออเดอร์เลย มัวแต่สนใจลูกค้าที่มาเป็นกลุ่มๆ ขนาดผมมาก่อนลูกค้าบางโต๊ะยังไม่สนใจเลย จนต้องเดินไปสั่งเอง ใครที่คิดจะมากินเป็นกลุ่มก็ถือว่าโอเค,0,0.9990889485983344
"ทริปนี้ไปทำงานค่ะ ขับรถผ่านเลยลองแวะ สะดุดที่ชื่อร้านค่ะ
ด้านหน้าติดถนน ด้านหลังติดทุ่งนา แต่งร้านเป็นไม้ค่ะ มีซุ้มไม้ไว้บริการด้านล่าง และด้านบนค่ะ

ช่วงที่ไปถึงประมาณ 17.30 น. ฟ้าเริ่มสลัวค่ะ เราเลือกนั่งซุ้มไม้ด้านบน บรรยากาศดีค่ะ ไม่มียุงมารบกวนด้วย

อาหารที่สั่ง คือ ปูนิ่มผัดผงกะหรี่ จานใหญ่ค่ะ มีปู 4 ตัว เหลือใส่ถุงกลับบ้านด้วย, ไก่ทอดเกลือ ถ้าทานเปล่าๆ เค็มค่ะ ก็ทอดเกลือนี่เนอะ ถ้าเป็นกับแกล้ม หรือทานกับข้าว อร่อยค่ะ, กุ้งอบวุ้นเส้น ใช้กุ้งแม่น้ำ มีกุ้ง 5 ตัว วุ้นเส้นกำลังดีค่ะ ไม่แฉะด้วย

แวะร้านอีสาน แต่ไม่ได้สั่งเมนูอีสานเลย ไว้มีโอกาสค่อยแวะชิมแล้วจะมาเล่าให้ฟังนะคะ",0,0.005911069808471186
"มาหลายครั้งแล้วร้านนี้ จำได้ตอนมาครั้งแรก ได้เปลี่ยนความรู้สึกไปโดยสิ้นเชิง 
จากเมื่อก่อน เป็นขาประจำร้านอาหารญี่ปุ่นขาประจำที่มีสาขาอยู่ในห้างเกือบทุกห้าง คือ อร่อยและราคาสมเหตุสมผลแล้ว

แต่หลังจากได้มาร้านนี้ ก็เลยรู้ว่าไม่ใช่ ดีกว่าและราคาถูกกว่า มันเป็นอย่างไร 

ลองมากินดูครับ แล้วจะรู้สึกเหมือนกัน",0,0.09534947004048375
ร้านนี้ตกแต่งน่ารักค่ะร้านไม่ใหญ่มากเมนูก็ไม่มากเท่าไหร่เน้นขายมาการองกับเครปเค้กที่เรียกว่าเครปพันชั้น เคยเห็นออกทีวีด้วยค่ะ ร้านนี้เปิดมานานแล้วคนมากินก็เต็มร้านนะคะเพราะโต๊ะไม่มากด้วยเราลองทานstawberry short cakeอร่อยค่ะไม่หวานเนื้อเค้กไม่ร่วน,0,3.807016084137923e-07
"..... ร้านนี้มีกลิ่นอายสไตล์คันทรี่ ตกแต่งด้วยไม้ทั้งหลัง และรูปของศิลปินระดับโลกคนนึง อันนี้ไม่รู้จัก น่าจะเป็นความชอบส่วนตัวของเจ้าของร้าน

..... วงดนตรีเป็นแนวยุค 60's รุ่น ชาตรี แมคอินทอส วงพลอย วงเพื่อน รอยัลสไปรท์ เป็นเพลงรุ่นคุณพ่อเป็นจิ๊กโก๋นั่นเอง วงเล่นดี นักดนตรีค่อนข้างรุ่นใหญ่ มีอายุ ไม่มีเพลงใหม่ ถ้าชอบเพลงเก่าก็ต้องมาร้านนี้เลย

..... ในส่วนของรสชาติอาหารสั่งไป 4 อย่าง 
-ปลากะพงทอดน้ำปลา ตัวปลาไม่สดเนื้อยุ่ย น้ำยำเปรี้ยวไปนิดนึง
-หมูมะนาว น้ำยำกับหมู รสชาติแยกกัน หมูจืดไปเมื่อไม่มีน้ำยำ
-ตะกร้าครอสโรด เป็นกุ้งชุบแป้งทอดตัวเล็กๆใส่ตะกร้าที่ทำจากแป้ง มันๆ เฉยๆ
-เอ็นข้อไก่ทอด  รสชาติทั่วๆไป 

..... การบริการ น้องเด็กเสิร์ฟที่ดูแลโต๊ะเรา เค้าใส่ใจดีนะ ชื่นชม ^^  
ราคาค่อนข้างแพง แต่ถ้าคิดว่า ซื้อบรรยากาศ ซื้อวงดนตรีเล่นสดดีๆ ก็คุ้มอยู่ จบ.",0,0.9715639657715652
อีกสองวันเท่านั้น ก็จะปิดแล้ว ใจหายเหมือนกัน แต่ก่อนก็ต้องมาซื้อของที่นี่แหละ ซึ่งเป็นห้างเดียวในบริเวณนี้ เราพาลูกมากินแม็คโดนัลประจำตั้งแต่ลูกเล็กๆ จนตอนนี้ลูกเราทำงานกันหมดแล้ว,0,4.737903672609209e-07
ร้านนี้เป็นร้านขนมหวานชื่อน่ารัก ตั้งอยู่ที่อาคารแกรนด์ เฮอริเทจ ตรงทองหล่อค่ะ ร้านเค้าจัดแบบหวานๆเก๋นะ ไม่ได้จัดแบบหวานเว่อร์ ชมพูฟูฟ่องอะไร เค้กชิ้นโปรดของเราที่ร้านนี้ก็คือ โอริโอ้บานอฟฟี่ เสริฟมาเป็นถ้วยแบบกำลังน่ารัก มีทั้งกล้วย โอริโอแลว้ก็สตรอว์เบอร์รี่ รสชาติไม่หวานจนเกินไป กินจนหมดก็ไม่รู้สึกว่าเอียนหรือว่าแสบคอ นอกจากของหวานแล้ว ร้านนี้ก็ยังมีพวกอาหารคาวด้วยนะ มีทั้งเมนูจานเดียวง่ายๆอย่างข้าวผัดอเมริกัน ข้าวผัดต้มยำ แลว้ก็พวกอาหารฟิวชั่นก็มี,0,1.9362746336349366e-09
กูไม่กินเบียร์ กินแค่285 B52 Smirnoff โชจู,0,0.9994472214174237
เป็นร้านอาหารอีสาน อยู่ใกล้กับมัสยิด ร้านเป็นตึก 2 ห้อง สะอาด ไม่มีกลิ่นคาวเนื้อ  อาหารส่วนมากจะเป็นอาหารที่ทำจากเนื้อ ราคาก็ไม่แพงถูกมาก ใครไปทานที่นี่แนะนำ เมนู ลาบเนื้อสับ (เราสามารถบอกรสชาติได้ว่าชอบแบบไหน) เสื้อร้องไห้ เนื้อไม่เหนียว หมักได้รสชาติ บางวันจะมีลาบเป็ดด้วย ก็อร่อยดีนะ,0,1.235957188098988e-07
แม่จะมีขายแต่ตอนเย็นแต่คนก็เยอะมากบางทีถึงขั้นต้องยืนต่อคิวเลยนะคะบะหมี่ร้านนี้ชื่อดังมีคนทานเยอะอยู่ข้างถนนไม่ค่อยมีที่จอดรถแต่มันอร่อยค่ะน้ำซุปร้านนี้หวานบะหมี่นุ่มเกี่ยวก็อร่อยปูก็เยอะตามราคาค่ะราคาก็ 40 เริ่มต้นค่ะ มีโต๊ะนั่งหลายโต๊ะน้ำดื่มบริการตัวเองต้องจดนะคะเพราะไม่งั้นอาจจะลืมได้คุณลุงคุณป้าบริการดีไม่ดุลูกค้าค่ะอยู่หน้าดีแทคตรงคูเมืองถนนเส้นหน้า Central กาดสวนแก้วหาไม่ยากค่ะราคานี้ไม่แพงเลยใครชอบบะหมี่เกี๊ยวปูแนะนำให้ไปลองทานดูนะคะ,0,1.1253518384332553e-07
"ปกติชอบกินเตี๋ยวตำลึงนายแกละบางขุนนนท์นะคะ ร้านนี้ไม่แน่ใจว่าเป็นสาขาหรือแฟรนไชส์ แต่ก๋วยเตี๋ยวซุปไม่ร้อน ลวกเส้นยังไม่ค่อยสุก แข็งไปหน่อย พนักงาน AEC สื่อสารแบบงงๆ

รสชาติก๋วยเตี๋ยวต้มยำพอทานได้ค่ะ เครื่องในลวกสุกกำลังดี อร่อย ไม่แข็ง แต่ฝากดูเรื่องความสะอาดของช้อนด้วยค่ะ หยิบออกมาจากกล่อง คันนึงมันแผล็บยังมีคราบพริกป่นติดเพียบ อีกคันนึงมีผักชีติดมาทั้งใบ เห็นแล้วแหยงค่ะ",0,0.588889130767832
"ปกติขี่รถผ่านเส้นเวียงบัวแทบทุกวัน เพิ่งรู้ว่ามีร้านราเมนรสเด็ดอยู่แถวนี้ด้วย 555 

วันนี้ว่างๆ เลยมาลองราเมนลึกลับเส้นเวียงบัวซักหน่อย 

พอเข้ามานั่งในร้านเห็นป้ายเมนูก็แอบตกใจชื่อร้าน . . . ""ราเมนอร่อยร้องให้"" ในใจก็คิดว่า เอ กลับทันมั้ย 555 แต่ไหนๆ ก็มาแล้ว ต้องลุย เจ้าของร้านที่ออกมารับออเดอร์และเป็นพ่อครัวด้วยเหมือนจะเป็นคนญี่ปุ่นไม่งงั้นก็ครึ่งจีนหรือญี่ปุ่นแน่ๆ เขาดูเงียบๆ เราเลยไม่ค่อยกล้าเล่นมุก 555 ตอนแรกอยากสั่งมิโซะกระดูกหมู แต่งบไม่พอเลยสั่งมิโซะธรรมดาก่อนละกัน นอกจากนี้ยังมีเกี๊ยวซ่าย่างด้วย รอแป๊ปเดียวก็มาเสิร์ฟแล้ว เร็วมาจริงๆ ซดน้ำซุปคำแรกก็บอกได้เลยว่าเข้มข้นพอตัวเลยทีเดียว มีเครื่องเคียงทั้งถั่วงอกต้นหอมหมูตุ๋นและไข่ ถั่วงอกกรอบเคี้ยวมัน หมูตุ๋นก็เนื้อแน่นมันไม่เยอะมาก ส่วนไข่ต้ม เพอร์เฟ็กมากสุดๆ ที่สำคัญคือถูกมาก ชามนึงสั่งมาร่วมๆ ไม่ถึงร้อยเลย คุ้มมาก สำหรับใครที่ชอบราเมนสไตล์ญี่ปุ่นจริงๆ แนะนำครับ PEACE!!!!!",0,0.001388523298450362
เป็นคาเฟ่เล็กๆ อยู่ตรงทสงเข้าตลาดนัดรถไฟ โดยทั่วไปต้องนั่งพื้น ที่จอดรถปกติสำหรับจอดมอเตอร์ไซด์อยู่ข้างถนน ความสะอาดค่อนข้างน้อย เดินแล้วเหนียวเท้า แมวชอบทะเลาะกัน แต่อุ้มแมวได้ มีขนมของหวาน น้ำต่างๆให้ลองชิม,0,0.046033901908454446
"ไปมาอีกครั้ง แอบชอบร้านนี้กว่าอีกร้่นดังตรงข้ามนมมนต์

ตกใจ เจอเพื่อนที่อยู่ กทม โดยมะได้นัดหมาย

อาหารก็ยังอร่อย ปราณีตดีตามมาตรฐาน

สั่ง extra avogado มา อโวกาโด้สด อร่อยดี

สั่งโอเพ่นแซนวิชไรมาไม่รู้ ชี้เอาจากในรูปคนอื่นในวงในนี่ล่ะ
จะบอกว่าแอบมีกลิ่นแขกๆอินเดียๆพอควรเลย มีสกีนี่ด้วย อร่อยดี แต่ถ้าใครไม่ถูกกะอาหารอินเดีย เมนูนี้อาจไม่ถูกปากนะครับ

ราคา ก้ออย่างที่รู้ๆไม่ถูก

แต่ก้อหนักแน่นพอสมควร ต้องสคิปข้าวเที่ยงไปเลย

วันนี้คนเยอะ โต๊ะเต็ม..... ออกแนวคึกคักๆๆๆ ไม่ค่อยชิลเท่าที่ควร",0,0.0008830457570408956
"I ate the cheapest buffet, which has only 2-3 types of pork and beef. But that's not the problem at all. The taste is soft, mild and the soup is so rich and yummy. I chose the sukiyaki soup that goes with raw egg dipping. I normally don't eat raw egg but this is so goooood with beef. Recommended for people who like rich quality beef sukiyaki.
The total price after 10% discount was around 516 THB per person.",0,0.00019716938490244048
กลับมาแล้วคือบอกช้า,1,0.8791467770088162
ได้ยินกิตติศัพท์มานานนจากเพื่อนๆที่มาเที่ยวเชียงใหม่กัน  ว่ามันเด็ดเลยไปลอง  พอไปถึงร้านเห็คนเต็มเลยในใจคิดว่าแย่แน่ๆจะมีโต๊ะไหมเนี่ย ผิดคาดค่ะพอเดินเข้าไปพนักงานแจ้งว่ามีโต๊ะแต่เป็นopen air ก็โอเคค่ะทานได้หมดขอแค่ไม่ร้อนเกิน เดินไปถึงโต๊ะโอ้ววว  โอเคเลยค่ะร้านจัดได้ดีงามนั่งไม่ร้อนมีพัดลมตัวใหญ่ๆอยู่   นั่งสบายเลยย  มองวิวผักที่เค้าปลูกไป จู๋จี๋แฟนไป สบายยยย  หันไปโต๊ะรอบข้างง โอ้โหจานใหญ่ัง เปิดเมนูดูราคาแต่ระอัน ไม่แพงเลยค่ะถ้าเทียบกับขนาดอาหารที่ได้พร้อมทั้งรสชาติที่อร่อยมาก  วันนี้สั่งอาหารมาสามอย่าง สปาเก็ตตี้คาโบนาร่า  สเต็กซี่โครงหมูอบน้ำผึ้งพริกขี้หนู(ไม่แน่ใจชื่อถูกไหมนะคะ) อร่อยมากๆๆๆๆๆๆๆๆค่ะมาสองคนแต่กินเกลี้ยงเลยสองจานนี้พุงเราแทบแตกค่ะ  ส่วนอาหารชุดแพนงไก่  ไม่ป่านอย่างแรงจืดมากอันนี้ไม่แนะนำค่ะ ส่วนเครื่องสั่งน้ำมะนาวกีวี่เมนูใหม่ของร้านอร่อยดีค่ะ แล้วก็ที่ชอบมากๆบราวนี่ปั่นค่ะดูดเกลี้ยงเลยขนาดกละวอ้วนนะเนี่ย  สรุปวันนี้ให้ห้าดาวค่ะชอบทุกๆอย่างงงยกเว้นพะแนงไก่ แต่บวกลบคะแนนแล้วก็ยังอยากให้ห้าเต็มอยู่เพราะดีงามมากจริงๆร้านนี้,0,2.4300230936537083e-05
"ครั้งแรกกับเพลาเพลิน ณ สามชุก เกือบเลยร้าน เพราะอยู่ตรง ยูเทิร์นพอดี 55 ขับเพลินไปหน่อย ใครมาเที่ยวตลาดสามชุกแล้วอยากหาร้านกาแฟ ขนม สเต็ก ร้านนี้มีครบ เมนูไม่มากแต่ก็ครบจบในร้านเดียว ชอบบรรยากาศร่มรื่นของสนามหญ้า กับต้นไม้หน้าร้านดูสงบดีถึงแม้จะติดถนนใหญ่ มีโต๊ะให้นั่งทั้งในร้านแอร์เย็นๆ มีเพลงฟังเบาๆ นอกร้านดูกว้างไม่อึดอัด พร้อมกับมีห้องน้ำบริการด้วย
ร้านนี้เปิดมาประมาณ 10 เดือน มีลูกค้าแวะเวียนมาเรื่อยๆ นะ
มาถึงเมนูวันนี้ จัดวาฟเฟิลคาราเมล สงสัยราดเยอะไป(ไม่เยอะนะยังไม่หมดถ้วยเลย^^) หวานไปนิด วาฟเฟิลยังธรรมดา (มีร้านที่กินแล้วสัมผัสได้ถึงความนุ่มหอมของแป้ง)
สั่งกาแฟลาเต้ร้อน แต่ๆๆๆ ทำไมมันไม่ร้อนอะคะ!! ทางร้านเลยเอาไปเวฟให้สักพักก็มาเสริฟ พร้อมกาแฟร้อนๆควันกรุ่นๆ 55 ดีที่ร้านนี้เสริฟชาร้อนมาด้วยจิบไปพลางๆ ????????
เอาเป็นว่าภาพรวมโอเคค่ะ นั่งเล่น wifi ฟังเพลง เพลินๆไป ผ่านมาก็จะแวะอีกค่ะ",0,0.9724147178731385
"ประทับใจทุกรายละเอียด..เป็นร้านที่มีความลงตัวเต็มไปด้วยบรรยากาศที่อยู่รายล้อมท่ามกลางธรรมชาติ..มาถึงนั่งเลยวันนี้มาเป๋นครอบครัวมานั่งปุ๊ปพนักงานรีบเข้ามาถามแนะนำเมนูแนะนำ..สั่งเลยแกงส้มปูไข่,ผัดผักกูด,ผัดเห็ดสามอย่าง,ยำผักบุ้งกรอบ,น้ำพริกป๊ไข่,ห่อหมกมะร้าว
กุ้งอบวุ้นเส้นรสชาติดีค่ะแต่มีกุ้งอบวุ้นเส้นรสชาติจืดไป..แต่ปริมาณและเสริพมาสวยงาม
สำหรับเมนูห่อหมกมะพร้าวรสชาติธรรมดา
เมนูยำผักบุ้งกรอบอร่อยมาก.
ผัดเห็ดและผัดผักกูดอร่อย,น้ำพริกก็อร่อย
แนะค่ะควรมาหากมาถึงระยองแนะนำห้ามพลาดค่ะ..แล้วคุณจะรู้ว่ามันเป็นความพรีเมี่ยมที่ได้มา
ให้คะแนนเต็มห้าเพราะชอบบรรยากาศค่ะ
โดยรวมคือประทับใจและจะต้องมาอีกแน่นอน",0,2.7535689845210225e-05
"เกิดอยากจะกินเป็ดปักกิ่งจะเป็นจะตาย พอดีผ่าน The Paseo เลยมาลองทานร้านนี้ดู
-ร้านตั้งอยู่ด้านหน้าเลยค่ะ
-รสชาติเป็ดปักกิ่งปานกลาง แบบไม่ได้ถึงขั้นแนะนำให้มาทานค่ะ เป็ดไม่ค่อยหอมเท่าที่ควร ส่วนพวกข้าวผัดก็รสชาติปานกลางเช่นกัน",0,0.08151976211114502
"วันนี้เรามาทานร้าน Buttercup กับเพื่อนสนิท ร้านบรรยากาศดี สวยยยยยย แต่เสียดายที่ไม่ได้นั่งตรง wall ของร้านที่ประดับตกแต่งสวยงาม แต่ก็บ่ยั้น 555 ขอพนักงานในร้านไปนั่งเพื่อถ่ายรูป ถามว่าอายมั้ย ตอบเรยมว่ามว๊ากกกก 555 ไปร้านนี้สั่งแค่อย่างเดียวเพราะต่างคนต่างลดความอ้วนเลยทานแต่ฮันนี่โทสต์(ตามรูป) อร่อยมากกก กรอบบบบ ใส่ butter น้อย ทำให้ทานแล้วไม่เลี่ยนเหมือนร้านดังที่ทานได้ไม่นาน ก็ไม่ไหวแล้ว ร้านนี้โอเคเรยค่าาาา :D วันหลังคงจะแวะไปทานอย่างอื่นๆอีก น่าจะมีอะไรอร่อยๆให้ทานอีกเพียบค่าาาา
ร้านตั้งอยู่ใต้โรงแรม Amari เพราะฉะนั้นที่จอดรถสบาย ห้องน้ำสะอาดสะอ้าน 
เหมาะกับใคร:เหมาะกับคนที่ไปนั่งทานกะเพื่อน กะคนรัก กะคุนพ่อคุนแม่ ร้านค่อนข้างเงียบนิดส์นึง คือคนเต็มร้านนะ แต่ว่าเค้าคุยกันเบาเชียว ไปนั่งอ่านอะไรชิวๆก็น่าจะเวิร์คน้าาา",0,0.0002571419269661418
มากี่ทีๆไม่เข้าใจ เขียนสั้งอาหารพร้อมสั่งข้าวสวยหรือข้าวต้ม แต่ก้อต้องมาบอกบอกซ้ำตอนกับจานที่2 ที่3 มาทุกครั้ง และต้องคอยทวงอาหารตลอด รสชาติดีนะ คนกินเยอะแต่บริการเรื่องเวลาและเซิฟอาหารให้ครบตามที่สั้งต้องปรับปรุงขั้นสุด แต่เรียกเก็บเงินทุกครั้ง มาไวมาก ไม่เข้าใจว่าอาหารไม่มาไวเหมือนตอนเก็บเงิน,1,0.9999863686506586
เป็นร้านอาหารที่ดูแสนจะธรรมดา ทั้งการตกแต่ง โต๊ะอาหารและเครื่องมือเครื่องใช้ แต่ต้องมองข้ามไปเพราะความอร่อยของอาหารนี่แหละค่ะ ราคาก็ไม่แพงในระดับตั้งอยู่ในสยาม ก๋วยเตี๋ยวหมูตุ๋นเค้าอร่อยมาก ซุปนี่หอมเครื่องเทศมาก หมูก็นุ่มดีค่ะ ส่วนเมนูข้าวก็ต้องข้าวหน้าไก่เลยค่ะ น้ำข้นหนืบพอดี เนื้อไก่เป็นชิ้นเล็กพอประมาณ ราดลงบนข้าวร้อนๆ อืม เกินบรรยายค่ะ แถมบริการไวมากๆค่ะ นั่งแปปเดียวอาหารขึ้นแล้วค่ะ คนเยอะมาก พนักงานก็เยอะด้วย แต่ความสะอาดของร้านให้ 3 ดาวพอค่ะ ราคากับปริมาณพอๆกันค่ะ ใครรีบเร่งก็แวะมาทานได้ค่ะ,0,2.7969315072286938e-05
"มาเป็นครั้งที่2เพราะติดใจหม้อไฟจีน น้ำซุปกระดูกหมูและน้ำซุปเห็ดรวม
มาครั้งนี้ลองน้ำซุปเสฉวน รสชาติเข้มข้น ใส่พริกแห้งลอยมาเต็ม ห้ามลองตอนยังไม่เดือดเพราะจะตักเจอแต่น้ำมันต้องรอจนเดือดเสียก่อน ในน้ำซุปมีเม็ดอะไรสักอย่าง เคี้ยวไปแล้วจะรู้สึกซ่าที่ลิ้นและปาก มีรสเปรี้ยวติดปลายลิ้น ถ้าชอบแปลกๆก็ควรลอง ไม่รับประกันความอร่อย555
แต่ถ้าชอบความอร่อยมาตรฐานนุ่มนวลก็น้ำซุปกระดูกหมูเลยค่ะ
บะหมี่กระดูก ใช่ได้แต่เส้นนุ่มไปหน่อย น่าจะเหนียวนุ่มกว่านี้สักนิด
ไก่แช่เหล้า อร่อยดี  
เสี่ยวหลงเปา แห้งไปหน่อย ไม่มีน้ำซุปไหลโจ๊กๆแต่รสชาติใช้ได้
ขาหมูเฉสวน เนื้อนุ่มเปื่อยได้ที่
ปลาผัดพริกเกลือ ไม่ผ่าน ใช้ปลาดอลรี่",0,0.38861803378670357
ร้านนี้ตั้งอยู่เยื้องกับหลังโรงพยาบาลหาดใหญ่ ขายอาหาร กับข้าว อาหารจานเดียว มีเค้กและกาแฟสดด้วย บรรยากาศร้านติดแอร์นั่งสบายดี คนไม่เยอะ ไม่พลุกพล่าน เครื่องดื่มอร่อย กีวี่โซดาหอมกลิ่นกีวี่ชัดเจน ขนมเค้กมีให้เลือกเยอะแต่ไม่ได้ลอง,0,3.016134153134801e-10
วันอังคาร สมอลเพลสลดครึ่งราคา ถึงหกโมงเย็น เครื่องดื่ม ซื้อหนึ่งแถมหนึ่งถึงสามทุ่ม ลองแล้วอร่อยคะ วันนี้นั่งข้างบน สวย เย็น ดูดีที่สุด ตกแต่งแบบบ้านไม้ไฮโซว์สมัยรัชกสลที่5 มีดนตรีเบาๆ ชอบเลยคะ รอบหน้าจานั่งข้างบนนะ,0,7.254363202651654e-05
คือต้องบอกว่าก่อนจะเขียนรีวิวนี้ เราแวะไปร้านนี้มาหลายรอบแล้ว รสชาติใช้ได้เลย ราคาอาจจะสูง แต่ถ้าเทียบกับคุณภาพแล้วถือว่าคุ้ม บราวนี่ที่แพ็คกล่องอร่อยทุกรสเลย เจ้าของร้านก็น่ารัก เป็นกันเองกับลูกค้ามากๆ,0,2.206650885611789e-10
มาถึงรอบนี้ไม่ต้องกลัวใครแล้ว !! #ฟุตบอลไทย #smmsport #ไทยลีก4 #T4 #ช้างเอฟเอคัพ2017 #เจแอลเชียงใหม่ยูไนเต็ด,0,0.00019716938490244048
"มากินร้านนี้ทุกครั้งที่มาเชงเม้งครับ สิบกว่าปีแล้วโดยประมาณ ปกติจะมากินแต่เช้า 7 โมงตลอด

จอดรถได้ริมถนนหน้าแบงค์กรุงเทพ เดินเข้าซอยมาก็จะเจอเลย ที่นั่งหน้าร้านมีประมาณ 20 ที่แน่นๆ แนะนำว่า
- ให้กินก๋วยเตี๋ยวน้ำครับสำหรับร้านนี้ เพราะเป็นสูตรที่ใส่ปลาหมึกลงไป รสจะหวานพิเศษ (มีกลิ่นปลาหมึกบางๆ)
- ลองหมูบะช่ออร่อยดีครับ
- ส่วนเส้นเฉยๆ ปกติ",0,4.6184340516046056e-08
"ด้วยเวลาสี่ทุ่มกว่า หลังจากออกกำลังกายเสร็จ แถวถนนหนามแดงหาของอร่อย ๆ กินยากมาก ครูเม้งเลยขับออกมาทางถนนกิ่งแก้ว-คลองขุด .. จากสี่แยกคลองขุด วิ่งฝั่งขาเข้าไป 300 เมตร ก่อนถึงหมู่บ้านณุศาสิริและปั๊มน้ำมันเอสโซ่ จะเจอร้านก๋วยเตี๋ยวโฮเด้งอยู่ซ้ายมือ ป้ายไฟสีเหลือง

ให้ลองสังเกตว่ามีรถแพง ๆ แวะเข้ามากินเรื่อย ๆ รสชาติก๋วยเตี๋ยวที่นี่ ก็เหมือนก๋วยเตี๋ยวเนื้อน้ำตกเข้ม ๆ ทั่วไป แต่ที่เด็ดของที่นี่คือ ไส้วัวที่ไม่คาว ไม่เหนียว และเนื้อเปื่อยที่เคี่ยวตุ๋นจนนุ่ม กัดขาดง่าย ไม่ติดฟัน เสียดายให้มาน้อยชิ้นจนนึกว่ากำลังกินราเมง

อีกอย่างที่อร่อยของที่นี่ คือกระเทียมเจียวที่เจียวเอง ไม่ชุ่ยเหมือยหลายเจ้าเดี๋ยวนี้ที่ซื้อจากตลาดเอา คนขายก็ใจดีให้อย่างไม่อั้นด้วยสิ",0,0.7634837581726991
"ร้าน Amazon ในปั๊ม ปตท. มี 3 เมนูใหม่มาให้ลองชิมกันในช่วงหน้าร้อนแบบนี้ 
- Hot Orange กาแฟร้อนผสมกลิ่นส้ม แก้วละ 55 บาท
- Orange Latte กาแฟเย็นลาเต้ผสมกลิ่นส้ม แก้วละ 70 บาท 
- Black Orange Soda Popz กาแฟดำผสมโซดาและกลิ่นส้ม แก้วละ 65 บาท รสชาติอร่อยซ่าโซดา สดชื่นดีเหลือเกิน แต่พอกาแฟดำมาผสมกับโซดาและกลิ่นส้มอ่อนๆ รสชาติเหมือนกลิ่นควันไฟแบบว่าเหมือนทานควันไฟจากกลิ่นไก่ย่างอะไรแบบนั้นเลยค่ะ อร่อยสดชื่นแบบแปลกๆ ดีค่ะ

เมนูประจำที่ไม่เคยพลาดถ้าเข้าร้าน Amazon เมนูชาเขียวนมสดปั่น แก้วละ 55 บาท ยังอร่อยเข้มข้นชาเขียวหวานมันเหมือนเดิมค่ะ

แก้วสุดท้าย ชามะนาว แก้วละ 45 บาท เปรี้ยวจี๊ดสะใจ สดชื่นขึ้นมาทันทีหายเหนื่อจากการเดินทางเลยค่ะ",1,0.9875683512049241
"ร้าน Tinee Eatery Workshop ตั้งอยู่ในซอยศรีวรา ทาวน์อินทาวน์ 4 ขับเข้าไปในซอยสักหน่อยก็เจอร้านแล้วค่ะ เปิดบริการทุกวันเวลา 09.00-18.00 น.สามารถจอดรถได้ที่หน้าร้านค่ะ
บรรยากาศร้าน ภายนอกจะเป็นตึกอิฐสีส้ม ภายในก็ยังคงตกแต่งเป็นอิฐและผสมผสานไม้ ให้ความรู้สึกอบบอุ่นดีค่ะ เหมาะแก่การพักผ่อนมากๆค่ะภายในร้านมี 2 ชั้นค่ะ ชั้นล่างเป็นร้านอาหาร ส่วยชั้น 2 เป็นที่เรียนทำขนมค่ะ
ที่นี่มีบริการทั้งอาหาร เบเกอรี่และเครื่องดื่ม ชา กาแฟค่ะ
เมนูอร่อย
สตูว์เนื้อโคขุน, ชิกเก้นปาร์มาและเครื่องดื่มอย่างเฟรบเป้มอคค่า(100 บาท)
รสชาติอาหารอร่อยมากค่ะ เพราะมีเจ้าของร้าน ที่เคยเป็นเชฟระดับโรงแรมห้าดาว การันตีความอร่อยค่ะ และราคาไม่แพง
การบริการของที่นี่ดีเยี่ยม พนักงานบริการดีมาก ประทับใจเลย",0,1.0364131273371489e-09
"แถบนี้ร้านอาหารเยอะมากจนเลือกไม่ถูก เดินวนไปมา เจอร้านนี้เป็นร้านเนื้อทอดหน้าตาดูดี เมนูน่ากิน หน้าร้านมีบอกว่าได้ลงนิตยสาร dancyuด้วย ยิ่งเพิ่มความอยากกิน

เมนูแบ่งเป็น3เซต เล็ก เนื้อ50กรัม กลาง 100กรัมใหญ่ 150กรัม แล้วก็ชนิดของเนื้อ จะมีทั้งเนื้อวากิว และเนื้อปกติ มากับข้าวสลัด และซุปด้วย

รสชาติเนื้อกรอบนอกนุ่มใน อร่อย จิ้มกับนำ้จิ้ม3แบบที่ให้มา ยิ่งเข้ากัน

พนักงานพูดภาษาอังกฤษได้ขั้นดีมาก ไม่ต้องกลัวว่าจะงงกับเมนู",0,1.7805649937290278e-08
ความรู้สึกถึงโรงภาพยนตร์ลิโด เมื่อค่ำคืนสุดท้ายที่โรงภาพยนตร์สแตนด์อโลนแห่งนี้ได้เวลาปิดฉากลง และนี่คือบันทึกสุดท้ายระหว่างแฟนๆ ผู้บริหาร และเจ้าหน้าที่ที่ได้บอกเล่าถึงความผูกพันตลอด 50 ปี ชมคลิปเต็มได้ที่ http://ow.ly/1Kzz30kiazq #Lido #LidoForever #TheStandardVDO #TheStandardCo,0,1.310148953402118e-09
นาวาร่าจะแปลงเป็นเบนซ์ก็คงไม่แปลก ทีเอเวอร์เรสยังใว่กระจังมัสแตงเลย,1,0.9987156918313367
ได้ยินชื่อเสียงมานานนมสำหรับร้านนี้ที่ใครๆก็ว่าอร่อย อยากลองหลายทีแล้วมีโอกาสหน่อยเลยต้องจัดสักที ร้านนี้อยู่ในศูนย์การค้า ซีดีซี เลียบทางด่วนเอกมัยรามอินทรา เป็นร้านเล็กๆ เล็กจริง มีโต๊ะนั่งอยู่ไม่มาก แต่แน่นอนเรื่องนิวยอกชีสเค้ก สั่งมาหนึ่งชิ้น ทานไปคำแรก แบบปลาบปลื้มมาก อร่อยอะ ติดใจเลย แต่พอทานไปสักครึ่งชิ้นจะเริ่มมีอาการแอบเลี่ยนขึ้นมาแล้ว ทานไม่หมดชิ้น บอกตรงๆ เริ่มไม่ไหว แต่อร่อยมากนะอยากแนะนำ สตอเบอรี่ก็รสชาติดี แนะนำให้สั่งชามาทานด้วย ช่วยแก้เลี่ยนได้ดีเลยแหละ พนักงานน่ารัก แนะนำดี ราคาก็ร้อยกว่าบาทค่ะ,0,0.0026316742608896108
"ootoya สาขานี้ตั้งอยู่ที่ paradise park ชั้น3 สาขานี้ไม่ใหญ่มาก แต่ตกแต่งสวยงามที่นั่งโปร่งนั่งสบาย บรรยากาศดี สบายๆ

วันนี้สั่งมา2 เมนูทานกับเพื่อนคนละเซต
- คัตสึโทจิ 
เป็นทงคัตสึตุ๋นมากับซุปปลาแห้ง รสชาติเข้มข้น ไม่เค็มมากเท่ากับมิโสะ รสชาตินุ่มมัน อร่อย
- ไก่ทอดซอสเปรี้ยวหวาน
จานนี้เพื่อนชอบทานมาก เพราะ ไก่ทอดหวานเปรี้ยว รสเข้มข้น ซอสเหนียวๆ ไก่น้อยชิ้นไปหน่อย แต่มีผักนุ่มๆใส่มาเยอะ ชุ่มซอส

ถ้าสั่งทานเป็นเซตสามารถเติมข้าวไม่อั้นด้วย เซตนึงไม่ถึง 300 บาทแต่ไม่รวม vat/scครับ ราคาสูงหน่อย แต่คุ้มค่าจริง ทานบ่อยครับ",0,6.893609324361272e-07
"บอกแล้วไงถ้าจะหาผม มาพบกันได้ไม่ยากคือต้องที่นี่เลย Starbucks  แต่จะเป็นที่ไหนนั้นก็คงตอบยากเพราะร้าน Starbucks นั้นมีทั่วไปแทบทุกพื้นที่ๆพลุกพล่านในเมืองไทย 

ร้าน Starbucks สาขานี้เป็นสาขาไม่ใหญ่มากนักมีที่นั่งไม่มากนัก จะนั่งนานมากนักก็รู้สึกเกรงใจลูกค้าใหม่ๆที่เข้ามาใช้บริการ แต่เอกลักษณ์ข้อดีของ Starbucks ก็ยังคงไว้เหมือนเดิม ทั้งการบริการ รสชาติของกาแฟและแอร์ที่เย็นเฉียบ

ทั้งสามอย่างนี้จึงเป็นจุดแข็งที่กาแฟนี่ห้ออื่นๆไม่สามารถเอาชนะได้ง่ายนัก!",0,0.3345894478883556
"เราชอบขนมร้านนี้ แม้คนจะทะลักตลอดเวลา แต่ขนมเค้าดีจริง อร่อยจริง ก็ต้องยอม

ที่จอดรถมีน้อยมากต้องยื้อแย่ง ถ้าในซอยไม่มีให้วนออกไปหาหน้าปากซอยดู

การรอคิวประมาณ 10 นาที ขนาดมาช่วงบ่ายคนก็ยังเยอะมากจริงๆ มีที่นั่งแบบ in door และ out door เราได้แบบนั่งข้างใน แอร์เย็นสบาย

เครื่องดื่มที่สั่งคือ คาราเมลคัสตาร์ด พุดดิ้ง คือมันหอม มันอร่อยมาก ลงตัวมาก ที่สุดแล้วแก้วนี้ แนะนำค่ะ

ขนม เราสั่งเป็น ช็อคโกแลต ลาวา บิงซู อันนี้ก็ที่สุดของความอร่อย น้ำแข็งเกล็ดละเอียด ราดด้วยช็อคโกแลตเข้มข้น มันหอม มันฟิน คือดีอ้ะ

ร้านก็ตกแต่งน่ารัก พนักงานบริการดี ติดอย่างเดียวคือ น้ำที่ให้ไปกดฟรี ใช้น้ำถังขาว ซึ่งมันไม่สะอาด เราดื่มแล้วเจ็บคอเลย เซ้นซิทีฟเกินคอเรา ถ้าเปลี่ยนได้จะเพอร์เฟ็คเลยค่ะ ร้านสวยและดีอยู่แล้วค่ะ",0,0.615087848460224
"ร้าน Yakiniku บรรยากาศดี ราคาไม่แพง
ผมเลือกแบบอาหารชุด รายการอาหารที่ผมสั่งมีดังนี้
ชุดหมูสุดคุ้ม - 250
เนื้อใบพาย - 140
กุ้งมังกร - 190
น้ำเปล่า - 20
โดยเนื้อที่นำมาเสิร์ฟ ชิ้นใหญ่ คุณภาพดีสมราคาครับ
ทีเด็ดเป็นกุ้งมังกรตัวใหญ่ เนื้อแน่น จิ้มกับน้ำจิ้มซีฟู๊ตแล้ว ฟินมากๆ",0,5.0012407061616655e-11
"เปรี้ยวปากอยากกินอะไรเผ็ดๆ เลยลองแวะมาลองอาหารอิสานที่ร้านตำซี๊ดส์ อยู่ถนนเส้นเลี่ยวเมืองหนองมนเยื้องๆ กับครัวชนบท ร้านนี้ดัดแปลงจากร้านเค้กเก่า บรรยากาศเลยดูน่ารักไม่เหมือนส้มตำ มีมุมน้องแกะด้วย แบ่งโซนนั่งห้องแอร์ และนั่งที่สนามหญ้าด้านนอกได้บรรยากาศดี สั่งอาหารมาชิมหลายอย่าง
         - ส้มตำซี้ดส์ 120 บาท เป็นส้มตำปูม้าเพิ่มมูลค่าโดยใส่ไข่ปูด้วย ได้รสสามรสกลมกล่อมดี
         - ลาบแซลม่อนวาซาบิ 150 บาทแซลม่อนยังเย็นๆ ได้รสชาติวาซาบิฉุนเบาๆ รสชาติเปรี้ยวนำ
         - ยำหอยหวาน 120 บาท หอยสด น้ำยำรสจัดดี
         - แหนมกระดูกหมูทอด 80 บาท รสชาติดี
         - ต้มแซบกระดูกอ่อน 150 บาท รสจัดจ้าน อร่อยดี
         - ส้มตำปู+ปลาร้า จานละ 60 บาท สั่งมา 2 จาน เผ็ดกัยไม่เผ็ด รสชาติเปรี้ยวไป
         - ยำคอหมูย่างชีส 90 บาท คอหมูรสชาติหวานเค็ม ตัดน้ำยำเปรี้ยวหวาน กินกับชีสเค็มๆ เข้ากันอร่อยดี
         - ปีกไก่ทอด 80 บาท มี 4 ชิ้น แพงไปนะจานนี้ รสชาติธรรมดา
  >>> รสชาติอาหารส่วนใหญ่ออกเปรี้ยวนำหรือจะเป็นคอนเซปร้านที่ต้องซี๊ดส์ ?? <<<",1,0.9840936063346869
"พนง.ดูงงๆ รอเตานานมากต้องทวงถาม เบียร์มาไม่เย็นเลย สั่งเนื้อมาย่างก็ไม่ค่อยสดและเหนียว ทานแล้วกลับบ้านมาท้องเสียอีกด้วย

โดยรวมคิดว่าราคาเท่านี้ ควรไปหาร้านอื่นที่อร่อยและได้นั่งในห้องแอร์สบายๆดีกว่าค่ะ",0,0.8688267643505194
"มาเที่ยวภูเก็ตถึงสนามบิน8โมงเช้านั่งรถเข้ามาถึงในเมืองประมาณเกือบ10โมง ถามพี่ที่ให้เช่ารถเค้าบอกร้านนี้อร่อย เลยมาลองดู มีเมนูเยอะดีค่ะ เราเดินไปเลือกแบบชี้มั่วๆเลย สักพักเค้าก็เอามาให้ที่โต๊ะ รสชาติดีเลยค่ะ(สั่งชาเย็นกินด้วยอร่อยมากกก) แต่ถ้ามาเช้ากว่านี้น่าจะดีเพราะตอนเราไปแดดออกแล้วแรงมาก ร้อนอยู่เหมือนกัน 
ทั้งหมดเรากินไป 300กว่าบาทค่ะ สิบกว่าเข่ง จำไม่ได้ว่าเข่งละเท่าไหร่",0,6.058067354934656e-09
วันนี้พบกับบูธของเราที่เซ็นทรัลอีก 1 วันนะคะ...สนใจชมรถ ISUZU MU-X Cartoon Network แวะมาชมกันได้เลยค่ะ ^_^,0,1.8767017261042883e-09
สเต็กร้านนี้เค้าอยู่คู่คนไทยมานานพอสมควรนะค่ะ ตั้งแต่มุกอยูม.ต้น ก็กินแต่สเต็กร้านนี้ (เมื่อก่อนตัวเลือกไม่มาก เหมือนสมัยนี้) ราคาเริ่มต้น 299++ จุดเด่นอยู่ที่สลัดบาร์ เพราะมันฟรีไง ตักได้ไม่อั้น ส่วนตัวชอบตัก ซุปต้มยำ กินกับพาสต้า (ดัดแปลงเมนูขึ้นมาเอง 555),0,0.046033901908454446
ซื้อดีลไปลองแล้วคุณจะไม่ผิดหวัง ซอสสูตรลับจากฝรั่งเศส ที่เข้มข้น มิติของรสชาติที่ซับซ้อน แปลกๆในคำแรกแต่พอยิ่งกินยิ่งอร่อยเป็นอย่างมาก ช่วงนี้มีดีลกับวงในแนะนำซื้อสำหรับมื้อกลางวันไปกิน ราคาถือว่าถูกมากกกก เนื้อขนาดนี้กับราคาแค่สี่ร้อยกว่าบาท ! และเฟรนช์ที่มีเติมได้ไม่อั้นนั้นก็อร่อยมาก ถ้าไม่ห่วงเรื่องอ้วนคงกินกันจนไม่มีให้เติม !,0,0.08882029481205689
"รูปอาจจะดูรกๆหน่อยนะคะไปกันหลายคน กว่าจะครบคนและเริ่มสั่งอาหารก็หิวมากแล้ว​ จ้วงกันไวมากค่ะ​ แถมเราเองหิวมากกลืมถ่ายแต่ละเมนูที่ทานแบบซูมๆมา มีแต่เป็ดปักกิ่งอันที่3-4​นึกขึ้นได้ถ่ายมารูปนึง

ร้านนี้เป็นร้านอาหารปักกิ่งเก่าแก่ของที่นี่  เปิดมา​ 50 กว่าปีแล้วนะคะ ถ้าจะมาควรจะโทรมาจองล่วงหน้าค่ะ ตอนเราไปถึงทุ่มตรงเป๊ะ แถวที่นั่งยังว่างพอสองทุ่มไปแล้วเต็มทุกโต๊ะ และแน่นมากกก 

เมนูที่ทานกันเมื่อคืน เริ่มที่เด็ดๆก่อนเลย

-เป็ดปักกิ่ง หนังกรอบกริ๊บเลยค่ะ เนื้อนุ่ม​หอมหวาน แผ่นแป้งที่ห่อก็บางและเหนียวนุ่มอีกนั่นแหละ ใส่แตงกวา​ ต้น​หอมญี่ปุ่น​ ราดซอสหน่อย  โอ้ววววว.. อร่อยเหาะมาก​ค่ะ​ มานี่ต้องห้ามพลาดร้านนี้ด้วยประการทั้งปวง

-หมูผัดเปรี้ยวหวาน​ แป้งชุบมาบางๆ ทอดกรอบๆ ผัดกับซอสเปรี้ยวหวานรสชาติดีมากกก จานนี้ก็อร่อยค่ะ

- ข้าวผัดใส่เนื้อเป็ด ข้าวเด้งๆผัดมาดีรสเข้มข้น 

-เกี๊ยวซ่า​ อันนี้ให้แค่ 4 ดาวนะ​คะ​ แป้งหนาไปนิดนึง แต่ไส้ข้างในอร่อยมากก

-กุ้งกะทะร้อน ราดลงถาดควันโขมง กุ้งตัวใหญ่ เนื้อหวานสดเด้งมากค่ะ ซอส​ที่ใส่มา​รสชาติ​คล้ายๆกับซอสเปรี้ยวหวานจานบน อร่อยยย​

-ปอเปี๊ยะ​ทอด​ ทอดมากรอบๆ ใส้ข้างในเยอะมากกก ปรุงรส​มา​อย่างดี​ จานนี้ก็อร่อยย 

-จานนี้เพื่อนบอกชื่อมาแล้วจำไม่ได้ เป็นหมูสับผัดกับเห็ดและเม็ดมะม่วง เอามาห่อในผัก รสชาติดีแต่ไม่ค่อยเข้มข้นเท่าไหร่ 

- scallop roll ใส่ขึ้นไช่ ข้างในไส้อร่อยแต่แป้งข้างนอกหนามากค่ะ

- ผัดบล็อคคอลี่ แข็งไปหน่อย​  ซอสไม่ค่อยเข้มข้น ทานกันไม่หมด

เหล้า​ liquor ที่เห็นในเมนูลองสั่งไปหลายอย่างเลย แล้วบอกไม่มีนะคะ​ น่าจะเอาออกจากเมนูเครื่องดื่ม ร้านนี้เบียร์และไวน์เท่านั้นค่ะ

พนักงานชายจะบริการดีมากค่ะ เอาใจใส่คอยเดินมาเติมเครื่องดื่มให้ตลอด ยิ้มแย้มแจ่มใส​ / พนักงานหญิงหน้าจะนิ่งๆ

บรรยากาศ​ร้านนี้ไม่มีอะไรตกแต่งเป็นพิเศษมากี่ทีๆก็เหมือนเดิม อย่าได้สนใจค่ะ​ มุ่งไปที่อาหารอย่างเดียวพอ

มารอบหน้าคงได้กลับมาซ้ำอีกร้านนี้

ราคาต่อหัวของเมื่อคืน จะหารกันอยู่ที่​ 250​เหรียญนิดๆค่ะ",0,0.008847354282579946
"ชั้นล่างของตึกประสานมิตรพลาซ่า มีร้านอาหารญี่ปุ่นที่ขายทั้งเมนู A La cart และเมนูบุฟเฟ่ต์ ซึ่งวันนี้จะขอลองเมนูบุฟเฟ่ต์ชูชิ & ซาชิมิ ซักหน่อย

อาหาร: คุณภาพของเนื้อปลาถือว่าใช่ได้เลยที่เดียวเมื่อเทียบกับราคาเท่านี้ มีเมนูหลากหลายให้เลือก

การบริการ: ดูเหมือนจะไม่ค่อยทัน แม้ว่าพนักงานดูเร่งรีบแล้วแต่การรับบริการก็ยังช้าอยู่ดี

บรรกาศ: ตกแต่งร้านแบบกลางๆ ดูไม่ได้มีอะไรโดดเด่นเป็นพิเศษ บรรยากาศทั่วๆไปก็โอเค",0,0.00010391068284865082
ร้านขนม ร้านคาเฟ่สัตว์เลี้ยงจิ้งจอก หนู แมว แรคคูน เป็นร้านคาเฟ่สวนสัตว์ที่มีสัตว์เยอะพอสมควร จิ้งจอกวิ่งไปวิ่งมากไม่ค่อยอยากให้จับให้เล่น น้ำสตอเบอรี่โซดา โซดาแน่นมาก ซ่ามากแอร์หนาวมาก คนเยอะมากเดินเข้าออกตลอดเวลา พนักงานบริการดูแลดี ในการพูดคุยถึงสัตว์เลี้ยงและการดูแลร้าน ใครที่ชอบสัตว์เลี้ยงก็น่าจะลองมาดู,0,9.223467493883284e-06
หลังจากทานข้าวที่ร้านไม่มีชื่อแล้วก็เดินเล่นมาเรื่อยๆผ่านหลังจวนไปทางวงเวียนปลาพะยูน เดินผ่านร้านนี้เห็นบรรยากาศดี มีลูกค้าด้านนอกประมาณ 3 โต๊ะ เดินเข้าไปสั่งของด้านในร้านและจ่ายเงินที่เคาน์เตอร์ เค้าจะไปเสริฟที่โต๊ะ เดินมานั่งรอด้านนอกยุ่งอย่างเยอะ เค้ามียาทากันยุงให้นะแต่เอาไม่อยู่ 55 ต้องรีบทานรีบไป สั่งเครปบานอฟฟี่กับโกโก้ร้อน เครปรสชาติดี โกโก้ก็อร่อย ที่นี่มีชาร้อนบริการตัวเองฟรีด้วยนะ,0,0.0007554056315871609
รีโว่ต้องเหยียบครัชแล้วจึงสตาทติดเครื่องได้..เค้าออกมาเพื่อป้องกันเข้าเกียค้างไว้ป้องกันรถพุ่งออกไปในขณะเข้าเกีย,0,1.863173897055222e-05
MG รถมันคุ้มจริงๆ แต่เห็นใช้จริงรถมี defect เยอะเหมือนกัน เคยเกือบถอย MG3 ละ 5555 ค่ายนี้ให้ระวังเรื่องศูนย์บริการเพราะช่างไม่ค่อยเก่ง และเบิกอะไหล่นาน,1,0.9835969686258078
เห็นร้านเปิดใหม่ ก๋วยจั๊บเมืองทอง ตรงข้ามวัดผาสุข มีข้าวหมูแดงหมูกรอบขาย หมูกรอบเป็นจานก็มีครับ รสชาดน้ำซุปใช้ได้ หมูกรอบมันน้อย เส้นแข็งไปนิด โดยรวมใช้ได้ครับ แต่ได้ยินโต๊ะข้างๆ สั่งข้าวหมูกรอบ บอกว่าถ้าใช้ข้าวหอมมะลิ.จะดีกว่านี้ สงสัยใช้ข้าวสวยธรรมดามั้ง ครั้งหน้าจะลองสั่งดูครับ ใครมาลองก่อนช่วยเขียนบอกด้วยนะครับ ว่าข้าวเขาปรับปรุงหรือยัง,0,6.0141529249841054e-05
"มาวันนี้เพราะมีที่มา ปกติผมก็ใช่ว่าจะเป็นคนชอบทานสายหวานจำพวกขนมหรือน้ำผลไม้อะไรอยู่แล้ว แต่เหตุที่มาวันนี้เพราะได้รับแจ้งจากวงในเชียงใหม่ว่ารูปของเราได้ Photo of the day ก็เลยอาสาไปรับเองที่ออฟฟิตก็แล้วกัน จะได้ไม่ต้องส่งไปที่บ้าน เพราะไม่รู้ว่าเมื่อไหร่จะได้ขึ้นมาอีก ทางทีมงานแจ้งมาว่าอยู่แถวๆ โครงการราชดำเนิน หาเท่าไหร่ก็หาไม่เจอ สรุปแล้วโครงการนี้อยู่ตรงข้ามประตูท่าแพ (ด้านใน) นั่นเอง เลี้ยวรถเข้าถนนไป โครงการนี้อยู่ทางขวามือ ร้านนี้อยู่ด้านหน้าโครงการเลย จอดรถแล้วพี่ รปภ. บอกว่า ต้องซื้อของในโครงการแล้วปั้มบัตรจอดรถถึงจะจอดฟรีครับ ไม่งั้นเสีย 50 บาท ร้านนี้เลยรับเคราะห์ไป 5555 เป็นที่มาของเครื่องดื่มแก้วนี้ครับ

     จอดรถแล้วก็เอาให้คุ้มหน่อยสั่งเป็นสตอเบอรี่ปั่น แก้วละ 59 บาท แก้วสวยดูดีมีระดับ รสชาติก็ค่อนข้างชอบเลยอร่อย ชอบมาก ปั่นมาจอดเนียน ไม่เปรี้ยวหรือหวานจนเกินไป สดชื่นขึ้นมาทันที วันนี้ขอเป็นสายหวานสักวันนึงครับ

     ปล.เป็นเพียงการแสดงความคิดเห็นส่วนบุคคลจากการทานในวันนี้และอ้างอิงกับร้านลักษณะเดียวกัน ถูกปากผม อาจจะไม่ถูกปากคุณ ชิมเอง จ่ายเอง บ่นเองจ้า (#970)",0,0.1276526153656607
การ์นิเย่ สกิน แนทเชอรัลส์ ไมเซล่า วอเตอร์ ลบเครื่องสำอางค์ได้ทันใจวัยรุ่น สุดยอด โอ้วพระเจ้าจอร์จมันยอดมากกกกก ไม่มีส่วนผสมให้ระคายเคืองผิว ให้ผิวแอบงอนโมโหจนขึ้นสิว มั่นใจผลิตภัณฑ์การ์นิเย่ เพราะอุดหนุนตลอดค่ะ,1,0.9988304896566145
"นึกถึงร้านสไตล์ Izakaya หรือร้านที่เสิร์ฟอาหารปิ้งย่างเสียบไม้แบบญี่ปุ่น [Yakitori] ร้าน Nagiya ที่มีอยู่หลายสาขาคงอยู่ในท็อปลิสต์ใช่ไหมครับ? วันนี้มีน้องที่เคยทำงานด้วยกันแวะมาเยี่ยมจากออสเตรเลีย พวกเราเลยมาร้านนี้ [จริงๆ มาบ่อยมาก] เมนูที่มากี่ครั้งก็สั่งอาจจะเดิมๆ แต่เคยมีคนบอกไว้ว่ากินอะไรที่ไหนไม่สำคัญ สำคัญที่กินกับใครตะหาก

เอาไว้เป็นช้อยส์มากับเพื่อนหรือคนรู้ใจหลังเลิกงานนะครับ วันนี้สั่ง ตับ หัวใจ กึ๋น ลิ้น ไก่ย่าง เบคอนห่อชีสย่าง มันหวาน ซูชิ โอ๊ย อร่อยเหาะยิ่งแกล้มกับอาซาฮีแก้วโตด้วยเหอะ ไม่พลาดนะครับไม่พลาด

ร้าน Nagiya อยู่ที่โครงการ  Nihonmachi ชั้น 1 สุขุมวิท 26 ติดกับ K-Village นะครับ

#travelingsunday #Nagiya",0,0.00015598022930293423
"ร้านบิงซูบนห้างชั้นบนสุด(ชั้นโรงหนัง) เดินเข้ามาจะเป็นโซนอาหารทั้งหมด ร้านบิงซูอยู่ด้านหน้าสุด 

เมนูขายดีน่าจะเป็น Mango Cheese Bingsu เพราะเดินเข้ามาเจอคนสั่งmangoเต็มไปหมด 

ร้านค่อนข้างร้อนตอนเข้ามาแต่กินไปเรื่อยๆ ก็หนาวไปเอง????",1,0.9942697525909253
"วันนี้หิวมากกกก เห็นร้านนี้น่ารักเลยรีบขับปรู้ดเข้าไป ในร้านตกแต่งน่ารักดีค่ะ แต่วันนี้ไม่มีข้าวขายค่ะ

สั่งกาแฟมอคค่าปั่น- รสชาดก็โอเค ธรรมดาทั่วไป

ฟาร์แกะค่าเข้า50บาท ในฟาร์มีทั้งแกะ ปลาคราฟ กระต่าย ม้า ไก่ นก มีให้อาหารสัตว์ด้วยค่ะ อย่างละ30บาท  สนุกดีค่ะ แต่ร้อนมากกกกกกกกกก ต้นไม้ใหญ่ๆไม่ค่อยมี ต้นยังเล็กๆกันอยู่ เราว่าช่วงกลางวันน่าจะมีที่บังแดดเป็นช่วงๆบ้าง หรือเปิดพัดลมใหญ่ให้พัดๆรอบๆบ้างค่ะ กว่าแดดจะร่ม เรานี่หน้ามืดเลย สถานที่สวยนะคะ น่ารักทุกจุดเลย ลองมากันนะคะ",0,0.9149009509324103
"อาหารรสชาติอร่อยพนักงานบริการดี




                                                                                                                              ิ้",0,1.933358602239457e-06
"ร้านชาบู และซูชิ คุณภาพดี ราคาหัวละ 690฿ Net ถือว่าคุ้มมากเพราะทางร้านใช้ของคุณภาพดีทั้งนั้น ถ้าไปทานแบบ a la cart เสียมากกว่านี้แน่นอน

[บรรยากาศในร้าน]
ร้านสะอาด แอร์เย็นสบาย ห้องน้ำก็สามารถแต่เสียที่มีแค่ ชาย/หญิง อย่างละ 1 ห้อง

[การบริการ]
ก่อนจะเข้ามาทานได้โทรสอบถามที่ร้านก่อนว่ามีโต๊ะว่างไหม จะขอจองก่อน แต่ทางร้านบอกไม่รับจอง ก็โอเคไม่เป็นไรอย่างน้อยโต๊ะยังว่าง พอมาถึงก็มีโต๊ะว่างจริงๆ พอเข้าไปในร้านต้องเดินหาโต๊ะเอง พนักงานไม่สนใจ แต่พอมีลูกค้าอีกกลุ่มเดินตามเข้ามา พนักงานกลับเดินไปสอบถามลูกค้าที่มาทีหลังก่อน เราเลยเลือกโต๊ะนั่งกันเอง พนักงานเลยเดินเข้ามาบอกว่าโต๊ะนี้มีคนจองแล้ว โซนนี้ติดกันยาว 20 ที่ ถ้าจะนั่งโต๊ะใหญ่ต้องด้านหลังร้าน (อ้าว...ตอนเราโทรมาจอง บอกไม่รับจอง เพราะเราจองแค่ 5 ที่ หรือยังไง?) สุดท้ายก็นั่งโต๊ะนั้นแหละแต่พนักงานงานแจ้งว่าเราต้องออกก่อนเวลานี้เพราะลูกค้าที่จองไว้จะมา ยังไงเราก็ทานเสร็จก่อนเวลาอยู่แล้วเลยยืนยันที่จะนั่งโต๊ะนี้ เสียความรู้สึกนิดๆถ้าไม่รับจองก็ไม่ควรรับจองเหมือนกันหมด ไม่ใช่ทำแบบนี้ การบริการในร้านทำได้ดี สั่งอาหารไปได้หมดไม่มีหาย ถึงจะมีช้าบ้างจนนึกว่าลืม

[คุณภาพอาหาร]

- ชาบู
 วันนี้ทานน้ำซุปสุกี้ยากี้ หวานอร่อย แต่น่าจะมีผงชูรสพอสมควร ทานเสร็จคอแห้งเหนียวเลย เพราะซดเข้าไปเยอะมาก ผักสดและมีให้เลือกเยอะ หลายขนาด เช่น ผักกาดขาว กวางตุ้ง หอมใหญ่ ต้นหอมญี่ปุ่น สาหร่ายวากาเมะ เส้นบุก วุ้นเส้น ลูกชิ้น เต้าหู้ เห็ดต่างๆ
 หม้อนึง สามารถเลือกได้ 2 อย่าง และมีกาใส่น้ำซุปมาใหัเราใส่เพิ่มเองอีก 2 กา สะดวกมาก

- ซูชิ
สด คุณภาพดี ข้าวอร่อย ไม่ได้ให้มาเยอะแบบกะอัดข้าวให้เราอิ่ม เนื้อใหญ่หนาจนปิดข้าวมิดเลย วาซาบิสด

- ของทอด
ไม่มีทำทิ้งไว้ เลยต้องรอนานมาสมควร แต่แลกมาด้วยของใหม่ ทอดมากรอบๆ ไม่อมน้ำมัน เช่น กุ้งเทมปุระ ผัดเทมปุระ โคโรเกะ ไก่ทอด

- ของหวาน และผลไม้
มีหลากหลาย ตักแบ่งเป็นชิ้นเล็กๆใส่จานไว้ในตู้เย็น เช่น เต้าหู้ในน้ำชาเขียว/ชานม เค้ก พานาคอตต้า แตงโม สัปปะรด มีขวดวิปครีมให้เราบีบเอาได้วางไวัในตู้เย็นเลย

- ไอศครีม
ไอศครีมที่นี่จะเปลี่ยนไปเรื่อยๆ เป็นรสแนวผลไม้ วันนี้ทานรสมะม่วง สดชื่นดี ไม่หวานหรือเปรี้ยวจัด

- เครื่องดื่ม
ราคานี้รวมเครื่องดื่มหมดแล้ว จึงสามารถทานได้หมด ชาเขียว น้ำพันซ์ น้ำส้ม(ไม่สด) น้ำอัดลม ชา กาแฟ ช็อกโกแลต สามารถกดจากเครื่องอัตโนมัติได้เลย",0,0.9621075711974104
"ร้านเล็กเลือดหมู อยู่เส้นพระราม 2 ขาลงใต้ พิกัด gps คือ 13.5348939,100.2155342 ก็จะประมาณเลยมหาชัย ข้ามแม่น้ำท่าจีนมาแล้ว สังเกตง่ายๆ จะอยู่ระหว่างปั๊ม ปตท. ใหญ่ๆ สองปั๊มค่ะ ปกติถ้าลงเส้นนี้จะไปแวะปั๊ม ปตท. ที่มีสารพัดร้านฟาสต์ฟู้ด รอบนี้เห็นร้านมีรถจอด ดูร้านสะอาดสะอ้านดี ก็เลยลองแวะดู ร้านมีที่จอดรถหน้าร้านค่ะ

ร้านมีขายข้าวราดแกง ต้มเลือดหมู เนื้อตุ๋น หมูตุ๋น ไก่ตุ๋น ขาหมู ราคาเริ่มต้นที่ 40 บ. 

ได้ลอง 

ข้าวราดแกงสองอย่าง (40 บ.) ลองผัดเห็ด กับหมูทอด ผัดเห็ดอร่อยดีค่ะ ออกเค็มๆ หวานๆ หมูทอดก้อนโต แต่เนื้อในแดงเชียวอะ รสชาติธรรมดาค่ะ 

เกาเหลาเนื้อตุ๋น (50 บ.) เนื้อตุ๋นนุ่มมากค่ะ ให้เยอะด้วย เนื้ออร่อยค่ะชอบ แต่น้ำซุปเค็มเกินไป

ติดใจผัดเห็ด ซื้อกลับบ้านด้วย ถุงละ 40 บ. และก็ลองซื้อไก่ตุ๋นกลับบ้าน ถุงละ 50 บ. ไก่ตุ๋นนุ่มมากๆ อร่อยดีค่ะ แต่น้ำซุปเค็มเกินไปอีกเช่นกัน รวมๆ ทานได้ค่ะ",0,2.668853152481151e-05
"เวลาไม่รู้จะกินอะไรหรือว่าแปลกที่เราก็จะนึกถึงร้านที่เราเคยกินแบรนด์ที่ปลอดภัยไว้ก่อนก็คือร้านนี้ เอสแอนพีอยู่ปิยรมโบลว์เข้ามาอยู่ขวามือที่จอดรถสะดวกสบาย ผู้คนพลุกพล่านร้านอยู่มุมติ่งแยกต่างหากจากตัวตึกแต่บริเวณเดียวกัน
อาหารไก่ย่างโอชา กินสาขาอื่นรุ้สึกว่าเนื้อไก่มันสดกรอบกว่านี้นะ
ส่วนวุ้นเส้นแซลม่อนย่างเค้าว่าเปรี้ยวไปหน่อย
น้ำปั่นมีโปรลดเหลือหกสิบบาท กินมะนาวปั่นเปรี้ยวโดดไม่ให้ผ่าน
ร้านแต่โอเครแอร์เย็นสะอาดสะอ้าน ดี๊ดี",0,0.9865717444683928
Lipstick สวยๆจาก Clinique เป็นLip และ Primer ไปในตัวค่ะ สีlava pop สวยเจิดจรัสมาก มาในแพ็คเกจสุดหรู พร้อมกล่อง ราคาแค่ 490 บาท บ้านเราแพงมากค่ะ made in Belgium จ้า Clinique Lava Pop Lacquer No.02 St206-8,0,0.5583269943353745
ข่าวไม่เท็จหรอก แต่สังคมเขาไม่โอเค ธนาคารก็รีบออกมาชี้แจงชัดเจนแล้วนะครับ ลูกค้า scb ยังคงสามารถใช้สมุดบัญชีเงินฝากได้ปกติ และล้มนโยบายนี้ไป ขอบคุณ scb ที่รีบชี้แจงได้รวดเร็วครับ,0,0.6297746074044135
"เห็นมีโฆษณาเมนูใหม่
เลยแวะไปลอง
ดูในเมนูเพิ่มขึ้นเยอะเลย
-กลุ่มสปาเก็ตตี
-อาหารว่าง
-เครื่องดื่ม

วันนี้ได้ลอง
-คาปาลินี่ผัดแซลม่อนรมควันไข่กุ้ง
อร่อยเลยเส้นเล็ก ปรุงรสมาพอดี แต่เสียดายมันไปและไข่กุ้งสุก
-ซีซ่าสลัด
ธรรมดาไม่แย่ค่ะ
-พลัมโซดา 
มาเกร๋ๆ บ้วยมาในรูปน้ำแข็ง ก่บโซดาชื่นใจดี

ปล. มาช่วงสิ้นปี ได้ลดหย่อนภาษีได้ด้วย",0,4.1986311277713736e-05
คือไปลองรองพื้นใหม่ของ dior พนง.ก็หยิบรองพื้นมาป้ายหน้า ป้ายไปป้ายมา นางหันมาบอก เสียใจด้วยนะคะ หน้าน้องขาวกว่ารอง…,0,0.9740426400236379
"ผมไปตั้งแต่วันเปิดร้านเลยครับ ไปถึงตอนเช้า เค้ายังทำพิธีเปิดกันอยู่ ยังไม่ให้บริการลูกค้า
กลับมาวันรุ่งขึ้น โดนป้า Cat วิวตัดหน้าไปซะงั้น เฮ้ออ เลยลืมเขียนรีวิวตั้งแต่วันนั้น ถึงวันนี้

ร้านอยู่ถนนลงอ่างศิลา ติดกับร้าน Coffee My Car 

เค้ามีขนมขายสารพัดนะครับ มีให้ลูกค้าทดลองชิมกันฟรีๆด้วย แค่เดินชิมไปก็อิ่มแล้วละ อิอิ

น้ำสมุนไพร - มีหลายอย่างนะ เก๊กฮวย มะตูม น้ำผึ้งมะนาว และอีกหลายอย่าง ขายขวดละ 25 บาท
แต่ช่วงแรกขาย 5 ขวด 100 ครับ ตอนนี้ไม่รู้หมดหรือยัง น้ำผึ้งมะนาวอร่อยสุด หวานเปรี้ยวชื่นใจดี

ขนมจีนแกงเขียวหวานไก่ - อร่อยใช้ได้ครับ ชุดละ 45 บาท เข้มข้นดี

ข้าวไข่พะโล้ - เสริฟมากับข้าวกล้อง จานนี้รู้สึกว่าจะเค็มไปนิดนะ 

แฮ่กึ๊น - จานนี้ไม่ผ่านครับ มันคล้ายเป็นแป้งทอดมากกว่า ยังห่างไกลความอร่อยพอสมควร

รวมๆแล้ว ที่นี่เขาเน้นขายขนมมากกว่าครับ มีขนมเยอะแยะ หลากหลายชนิด ราคาก็สูงเหมือนกัน",0,0.10521053109182896
"สวัสดีค่ะพี่ๆชาววงใน :) 
วันนี้มีโอกาสไปเดินเล่นแถวสามย่านมา ก็ได้ผ่านหน้าร้าน April Store ซึ่งเป็นร้านเล็กๆน่ารักๆสไตล์ zakka ไม้ๆ 

อันดับแรกเมื่อเปิดประตูเข้าไปในร้านก็ได้กลิ่นหอมของเบเกอรี่ หอมมากเลยค่ะ :) 
ร้านจะเล็กๆหน่อย มีโต้ะข้างในค่อนข้างเบียดๆกัน นอกจากนี้ยังมีของขายกระจุกกระจิกสไตล์ zakka
เพื่อเป็นการค่าเวลา เลยสั่งมะนาวโซดากับช้อคโกแลทชิพสคอนทาน 

• รสชาติ
มะนาวโซดารสชาติจี้ดมากกกกค่ะ ดื่มแล้วพุ่งปรี้ดได้เลย เข้มมากกก
ช้อคชิพสคอน ส่วนตัวคิดว่าอร่อยดีค่ะ หอม ชอบแยมที่ให้มาทานเคียง อันนั่นอร่อยมากๆ 

แต่สิ่งที่ไม่ประทับใจเลย*คือ การบริการค่ะ ไม่แน่ใจว่าวันนี้พี่ผู้หญิงที่ตัดผมสั้นๆเขาอารมณ์เสียหรืออย่างไร หน้าตาไม่ยิ้มแย้มรับแขกเลยค่ะ พูดจาห้วนๆ* สายตาไม่เต็มใจ เจอแบบนี้ก็เสียความรู้สึกนะคะ บอกตามตรง. คนในร้านขณะนั้นก็มีโต้ะเราอยู่โต้ะเดียว ไม่น่าจะเป็นเรื่องที่ทำให้หัวเสียแต่อย่างใด ก็แอบคาดหวังไว้นะคะว่าพนักงานคงจะน่ารักเหมือนกับร้าน เก็บเงินคือเก็บ  ถ้าได้ยินคำว่าขอบคุณสักนิดคงจะทำให้ลูกค้าชื่นใจและอยากจะมาใหม่ค่ะ นี่นั่งในร้านไปก็รู้สึกอึดอัดยังไงก็ไม่รู้. แต่ส่วนพี่ผู้ชายมารยาทดีค่ะ
(ปล.วันนี้ไปทานกับผู้ใหญ่ด้วยค่ะ ผู้ใหญ่ก็แอบรู้สึก)",1,0.9933071485896835
"ร้านนี้เปิดใหม่ไม่นาน บรรยากาศน่านั่งครับ เลยแวะมาลองซักหน่อย

สั่งเส้นใหญ่ดู๋ดี๋กระดูกอ่อน(50฿)มาทาน รสชาติหวานไปนิดนึงแต่ และกระดูกอ่อนไม่ใช่กระดูกอ่อนจริงๆคือแข็งมากกัดไม่เข้า อาจจะต้องปรับปรุงเรื่องวัตถุดิบ และรสชาติ

การบริการ ตอนมานั่งมีแค่สองโต๊ะ(11:20) แต่ดูเหมือนพนักงานยังไม่ค่อยพร้อมทำงานเท่าที่ควร ต้องรอซักพักจึงจะมีเมนูมาให้เลือก แต่อาหารใช้เวลาทำไม่นานครับ

ถ้าพนักงานเพิ่มการทักทายได้จะน่านั่งกว่านี้อีกครับ

โดยรวมถือว่ากลางๆ พอนั่งได้ถ้าไม่มีร้านอื่น
บรรยากาศร้านดีอย่างเดียว ราคาสูงไปนิด เมื่อเทียบกับรสชาติ ปริมาณและคุณภาพของวัตถุดิบ",0,0.21733751344291402
มันเมา ขวดลีโอเสียบอยู่หน้ารถ เห็นกันไม๊ ? เบียร์วุ้นด้วย 555 ก็ถึงบอกไง หนีตามหน้าที่ 555 ถ้าโดนกระบองตี คริปนี้ไม่มีให้ดูแน่นอน,1,0.9966233872374677
"กลับจากต่างประเทศ เข้าบ้านปุ๊บ เปลี่ยนชุดแล้วออกล่าหาอาหารไทยกินทันที ด้วยความคิดถึง ตอนแรกกะจะไปกินส้มตำที่อีกร้านให้สะใจ แต่สมาชิกลงเสียงขอเป็นร้านนี้ ด้วยหน้าที่สารถีและคนจ่ายตังที่ดี ต้องไม่บ่น ไม่ง่วง(แต่ขับไปจะหลับไป????????) มาถึงร้านท่ามกลางฝนกำลังพรำๆ  แต่ลูกค้าก็ยังเยอะดีทีเดียว เพราะเป็นช่วงเย็นวันอาทิตย์
จริงๆชื่อร้านริมเขื่อนนี่มีที่มาที่ไปจากสมัยนานหลายปีดีดัก สมัยที่ปลาตีนยังพากันเริงร่าแหวกว่าย ???????? รอให้คนไปเชยชม ร้านอาหารเหล่านี้จะตั้งแผงขายกันอยู่แถวริมเขื่อนในศาลากลางนั่นแล แต่หลังจากมีการปรับภูมิทัศน์ เพื่อให้เป็นแหล่งพักผ่อนหย่อนใจ และสร้างเขื่อนซีเมนต์ที่ทนทานการกัดเซาะของน้ำทะเล???? ร้านในแถบนี้ก้อระเห็จเร่ร่อนไปอยู่ในโซนที่เรียกว่าศูนย์การค้า(ร้าง)ปากน้ำ และยึดทำเลทองมาจนทุกวันนี้
เมื่อเข้าร้านได้ ด้วยความที่คนเยอะจึงต้องใช้วิชานินจาที่ฝึกฝนมาหลบหลีกฝูงชนระหว่างรอ พนักงานจัดแจงเอาโต๊ะมาลงให้อีก 1 โต๊ะแบบกระเบียดกระเสียร(แต่ก้อต้องชมล่ะ เพราะไม่ต้องรอโต๊ะนาน) หลังจากเลือกรายการอาหารแล้ว สั่งไปหลายๆอย่าง ใช้เวลาไม่นานก็ทยอยมาจนครบเลย
##ส้มตำไทย 40 บาท ของเด็ก ไม่ใส่พริก รสชาติ เปรี้ยวๆหวานๆ เส้นมะละกอกรอบใช้ได้                             ##ส้มตำปูม้า 80 บาท ได้ปูม้าตั้ง 2 ตัวแหนะ เปรี้ยว หวาน เผ็ด กำลังดี อร่อยได้ใจ หลังจากอยากมานาน
##ข้าวผัดปู 60 บาท นี่ก้อของเด็กเหมือนกัน ผัดมาแห้งอยู่ เนื้อปูให้มาพอสมควรเลย แต่รสชาติจืดๆ ไม่เข้มข้น ต้องตักทานคู่กับกับข้าวถึงจะดี
##โป๊ะแตก จำราคาไม่ได้ แต่ให้เครื่องเยอะดี ส่วนรสชาติน้ำต้มยำจืดไปหน่อย ชามนี้มีดีที่เครื่อง
##กุ้งแช่น้ำปลา 100 บาท กุ้งสด หวาน อร่อย แต่น้ำจิ้มธรรมดา ยังไม่ซี้ดนัก แต่ก้ออร่อยใช้ได้                                             ##ยำหอยนางรม 80 บาท มาอย่างแรกเลย ตักทานกันเพลิน หอยตัวไม่ใหญ่ แต่ได้เยอะ รสชาติน้ำยำโอเค เค็มๆเปรี้ยวๆเผ็ดๆ สะใจ น้ำลายและน้ำตาตกตลอดระหว่างที่กิน
##รวมมิตรทะเลเผา 220 บาท ให้มาปริมาณคุ้มค่า ย่างมาได้แห้งดีเลย แต่น้ำจิ้มยังธรรมดาไม่เด่นเท่าไหร่
ทานไปหมดนี่ รวมเครื่องดื่มแล้ว 700 นิดๆ เรียกว่ากินอย่างคุ้ม จนอิ่มกันทุกคน รสชาติอยู่ในเกณฑ์ค่อนข้างดีเลย ถ้าเทียบกับหลายๆร้านใหญ่แถวบ้านที่เคยทาน ถึงแม้บรรยากาศจะชวนคลื่นเหียนสักหน่อย(อยู่ใกล้คลองและกองขยะ????????) แต่ถ้าทำใจไม่คิดมากก็มาลองกันได้เลย",1,0.9950177307566703
"ร้านนี้จะอยู่ก่อนถึงท่าเรือปากบาราที่นำพาเราๆ ไปเกาะหลีเป๊ะและอื่นๆ
ซึ่งย่านนี้จะมีร้านอาหารทะเลมากมาย เลือกได้ตามใจชอบ
ซึ่งครัวริมเบไม่ทำให้ผิดหวังในเรื่องของบรรยากาศ รสชาติอาหารและความหลากหลาย
อาหารรสจัดจ้านดี อร่อยๆ
แต่ถ่ายรูปไว้ไม่หมด จริงๆ มีเยอะแยะกว่านี้
เอาเป็นว่าไม่ผิดหวังแน่นอนถ้าเลือกครัวริมเล
(เป็นร้านอิสลาม แปะป้ายหน้าร้านเลยว่าห้ามดื่มเครื่องดื่มแอลกอฮอล์และห้ามน้องหมา แต่ในร้านมีน้องแมวนะ)",0,0.0016484828975934646
"หลังจากย้ายร้านไปเอกมัย 
เราก็ยังตามไปกินเรื่อยๆ 
ชาบูอร่อยคงที่ดี พนักงานบริการดี 
แต่ซูชิปลาไหล ไม่ไหวนะ 
ทำไมชิ้นมันเล็กลงขนาดนี้ 
เคยไปกินเมื่อ 2-3 เดือนที่แล้ว 
กับไปเมื่อวันที่ 23 ธ.ค 58 
มันต่างกันมาก เหมือนเอาหางๆ มาให้
ทำม้ายยย ผิดหวัง",0,0.9975656185105493
"ร้านนี้อยู่ในโลตัส ศาลายา ชั้นล่าง โซนอาหาร ใกล้ประตูด้านหน้า 
~ ชานมไข่มุก สามารถเลือกระดับความหวานได้ตามต้องการ ไข่มุกเนื้อเหนียวนุ่มเคี้ยวหนุบหนับดี รสชาติออกทางกลิ่นนมมากกว่ากลิ่นชาในระดับหนึ่ง

**สรุปว่า ถ้ามาโลตัสศาลายา แล้วอยากทานชานมไข่มุก ร้านนี้น่าจะเป็นตัวเลือกลำดับแรกครับ",0,8.902265977472636e-08
"กลับจากทำธุระแถวนี้ครับ หิวโซมาก ผู้บังคับบัญชาการบ้านบอกโจทย์มาว่าอยากกินอาหารรสจัดๆ ไม่เอาฟาสต์ฟู้ด ผมที่ทำท่าจะแวะแมคโดนัลด์ Drive thru สั่งแมคสไปซี่ให้ก็แฉลบออกเข้าจอดรถทันทีครับ เห็นป้ายร้านนิตยาไก่ย่างมาหลายครั้งแล้ว ไม่ได้เข้าไปซองซะที รอดแล้วครับผม 
 ช่วงบ่ายๆแก่ๆมากๆในร้านมีลูกค้าอยู่ 2 โต๊ะ อาหารที่สั่งเลยเสิร์ฟเร็วครับ สั่งไก่ย่างตามที่พนักงานแนะนำ กับต้มแซ่บซี่โครงอ่อน มาเป็นหม้อไฟเดือดๆ ส้มตำกุ้งสด กุ้งสดจริงๆครับ มาดิบๆนอนแผ่มาบนส้มตำ รสชาติออกอ่อนไปนิดสำหรับส้มตำ ยำปลาหมึก ปลาหมึกสดปานกลาง ยำรสเผ็ดตัดกับเปรี้ยวชัดเจน ถ้ามีเด็กมาด้วยอาจจะต้องขอให้ทำรสชาติอ่อนลงอีกนิดนะครับ ที่น่ารักคือผักสดๆแช่มากับน้ำแข็งผักเลยทั้งสดทั้งกรอบเลยครับ ไก่ย่าง ถ้าชอบแนวแห้งๆน่าจะชอบกัน ส่วนผมทานได้ครับแต่ชอบแบบย่างมาฉ่ำๆมากกว่า น้ำจิ้มแจ่วอร่อยดี โดยรวมใช้ได้ครับนิตยาไก่ย่าง",0,0.0025114630606035884
"วันก่อนไปเดินสยาม หลังจากห่างหายไป ประมาณ 6 เดือน
เดินทางด้วยรถไฟฟ้า ออกทาง Digital Gate Way แล้วเจอร้านนี้อยู่ที่ ชั้น 3

เจอเจ้าของร้านด้วย น่ารักค่ะ แนะนำว่า Red Velvet Cupcake เป็นเค้กช็อกโกแลต แต่งหน้าด้วยครีมชีส เมนูแนะนำของทางร้านเลยลองซื้อทานดู แล้วก็ไม่ผิดหวังจริงๆ เพราะเนื้อเค้กนุ่ม หอม ไม่แห้ง หวานกำลังพอดี ราคาก็ไม่แพงด้วย 

ส่วนเพื่อนชายชอบเค้กแครอทค่ะ ได้สุขภาพหน่อยแล้วไม่ค่อยหวาน ไม่มีกลิ่มแครอดเลยค่ะ เนื้อชุ่มไม่แห้งเช่นกัน

น้ำเราสั่ง Pink Lemonade กับ Ice Milk Tea อย่างละแก้วค่ะ

ประทับใจเค้กร้านนี้มาก จะกลับไปซื้อบ่อยๆ เลย

ขออนุญาตก๊อบรูปจากเว็บเค้ามาให้ดูนะคะ เพราะถ่ายมาเองแล้วไม่สวย",0,1.2047905469846831e-08
ช่วงนี้อยากลองไอศกรีมรสชาติใหม่ๆที่ไม่เคยทานมาก่อน จึงลองหาร้านไอศกรีมดู จบลงที่ร้าน ETE เป็นร้านที่มีบรรยากาศดี ไอศกรีมมีหลายรส รสชาติก็ไม่แพงจนเกินไป รสไอศกรีมที่มาลองวันนี้คือ Mint Chocolate ทีเลือกเพราะสีสีนดูน่ากินดี พอกินคำแรกรู้สึกรสชาติเหมือนยาสีฟันเลย เย็นๆหอมกลิ่นมินต์ในปาก แต่พอกินไปเริ่มได้รสช็อกโกแลตหวานๆช่วยตัดกลิ่นมินต์ได้บ้าง กินไปรู้สึกรสชาติมันเข้ากันดีเหมือนกัน แปลกใหม่ดี,0,2.6274762538843578e-05
"เพื่อนที่ชลบุรีบอกว่า ต้องมาร้านนี้ มันไม่เหมือนก๋วยจั๊บที่กรุงเทพเลย ตอนเราไปเรียนกรุงเทพเราเจอก๋วยจั๊บกรุงเทพเราช๊อคเลย ต้องปรับตัวอยู่นาน
อืมมม ลองดูก็ได้ ร้านเป็นเพิงข้างทาง ก๋วยจั๊บ35บาท พอสั่งเสร็จมีคนเอากระป๋องเบียร์มาวางไว้ที่โต๊ะ กําลังจะบอกว่าไม่ได้สั่งเบียร์ ใครจะไปกินแต่เช้าวะ แต่พอดีเหลือบไปเห็นก่อนว่า จริงๆแล้วมันคือแก้วนํ้า โหย คิดได้ไงใช้กระป๋องเบียร์แทนแก้ว 
บรรยากาศร้านมีเสน่ห์แบบร้านข้างทางทั่วไป มีกลอนบรรยายถึงความตั้งใจในการบริการ มียิมโปเกมอนด้วย โหย คนชลบุรีไปเอาdragoniteมาจากไหนฟะ 
แล้วก๋วยเตี๋ยวก็มาถึง ร้านนี้ไม่มีทิชชู่ให้นะ ลืมบอก จังหวะที่ช้อนจิ้มลงไปในชาม เราถึงกับร้อง หุ!! ไมมันเหลวจังวะเส้น เชื่อละว่าไม่เหมือนกทม. นํ้าซุปไม่ร้อนเกินไป เหมาะกับอากาศร้อน หวานๆกําลังดี หมูกรอบแห้งดี หมูสับละเอียดและนิ่มดี ปลาบปลื้มกับความอิ่มราคา40 บาท ที่ไม่ต้องคิดเรื่องความสะอาดความสะดวกใดๆ ถูกและดี อิ่ม ฟินนนน!",1,0.9854964206147849
"ผมเคยมากินตอนปีใหม่ครับ เพิ่งมีโอกาสมาเขียนรีวิว ถ่ายรูปแล้วลืมไว้เรย
ร้าน Midwinter green ที่ปากช่องนี้ เป็นร้านเดิมของ The Smoke House ที่เพิ่งปิดไปครับ 
กลับมาใหม่ในรูปแบบร้านเดิม แต่เหมือนเปลี่ยนผู้บริหาร พ่อครัว ไม่แน่ใจเหมือนกัน

แต่เมนูอาหารเปลี่ยนแปลงครับ 
มีเมนูน้อยลง 
มาดูเรื่องรสชาติกัน
จะยกตัวอย่างเมนูที่ชอบนะครับ
คอหมูย่างจิ้มแจ่วครับ คอหมูย่าง เนื้อนุ่ม ไม่เหนียว ย่างแบบมีน้ำมีนวล รสชาติหวาน ๆ เค็ม จิ้มกับน้ำจิ้มแจ่ว และน้ำจิ้มซีฟู้ด ก้ออร่อยใช้ได้ ทั้ง 2 ตัวเลย

อ่อ ๆ ยังไม่หมด ร้านนี้ยังมีขนมปังเป็นออเดิฟ ฟรีให้ลูกค้าทุกตัวเหมือนเดิม
ครัวซองยังอร่อยเหมือนเดิมครับ กรอบนอกนุ่มใน หอมเนยมาก ๆ ชอบ อร่อยเหมือนเดิมครับ",0,4.812514763050532e-07
"วันก่อนผ่านมาเส้นนี้สะดุดตาที่ชื่อป้ายร้านใหญ่มากค่ะจะแวะทานร้านดันปิดซะแล้วคงจะเย็นไป
วันนี้เลยกลับมาทานอีกครั้งหนึ่ง เห็นป้ายคัทเอาท์ใหญ่ เชิญชวนให้ลองข้าวมันไก่ตอนเลยจัดมา 1 จาน 
สั่ง
ข้าวมันไก่ตอน บะหมี่เกี๊ยวหมูแดงและซุปกระดูก มาเริ่มที่...
ข้าวมันไก่ค่ะ ข้าวหอมมากหุงได้ดีนิ่มไม่แข็ง ไก่ไม่เป็นแบบทุบๆแบนๆ
เนื้อแน่นเต็มปากเต็มคำ ได้ข้าวเยอะดี น้ำจิ้มเป็นแบบเปรี้ยวๆเผ็ดๆอร่อยไปอีกแบบนึงค่ะ 
บะหมี่เกี๊ยวหมูแดง บะหมี่เส้นแบนลวกได้นิ่มดีค่ะ ส่วนเกี๊ยวก้อใช้เป็นแผ่นเกี๊ยวหยก ห่อกันสดๆ แล้วนำไปลวกในน้ำร้อนๆ แต่อาจจะลวกนานไปนิดทำให้ตัวเกี๊ยว เละไปนิดหนึ่ง แต่ก็โอเคเลยค่ะ น้ำซุปหอมหวานอร่อยแต่หมูแดงส่วนตัวแล้วเราชอบแบบฉ่ำๆ อันนี้นิ่มแต่มันไม่จุ๊ยส์มันแห้งๆไปนิดนึงแต่ไม่แข็งนะคะ แต่ก็ถือว่าโดยรวมใช้ได้เลย
 ซุปกระดูกได้มายังเยอะอลังการเต็มชามกระดูกชิ้นโตมีเนื้ออย่างเยอะเลยค่ะแทะเล็มจนเพลิน น้ำซุปหอมหวาน
ที่ร้านมี wifi ให้ใช้ฟรีและมีป้ายคำกวนกวนๆคําน่ารักๆไว้ให้ลูกค้าถ่ายเซลฟี่แอพโซเชียลกันด้วยนะคะ
ยังไงก็ลองแวะมาทานกันได้นะคะอยู่เส้นสันกำแพงสายเก่าตรงข้ามปั๊มบางจาก",0,2.7852724193754137e-07
"โรตีอร่อยมากค่ะ หอมเนย กรอบนิดนึงพอดีๆ กินกับกุรุหม่าอร่อยมาก ไม่หวานเลี่ยน
ซุปหาวัวก็อร่อยค่ะ
ดูเหมือนน้อย แต่ตอนลุกนี่ อิ่มกลิ้งมากค่ะ

(มาเพื่อตั้งใจทานอาหารแนวอิสลามนะคะเลยไม่ได้ลองอาหารไทยอื่นๆ ไว้คราวหน้าค่ะ)",0,1.4225779768940145e-07
"Bingsu สั่งแบบ mix fruit มา ราคาค่อนข้างสูง 350 บาท ไอศครีมรสอื่นหมด เหลือรสชาเขียวรสเดียว รสชาติบิงซูหวานโดยไม่ต้องใส่น้มข้นหวานเพิ่ม  บิงซูน้ำแข็งเนียนละเอียด ละลายในปากได้เลย

เมื่อ like and share facebook fanpage พร้อมถ่ายรูปกับเมนูใดก็ได้ในร้าน แชร์และตั้งเป็น public รับฟรี blue hawaii  แต่รู้สึกรสชาติเฉยๆ ธรรมดา ไม่ได้โดดเด่นอะไร

ราคาโปรโมชั่นตอนนี้ ลดราคา 50% แต่ยังไม่รวมค่า service charge และ vat อีก",0,0.1460872526248659
"ร้านนี้อยุ่หลังตลาดสามแยกค่ะ(บางคนเรียกตลาดสันทราย แต่คนสันทรายจะเรียกตลาดสามแยก)
สังเกตุไม่ยาก หน้าร้านจะมีคนออกกันอยุ่
ร้านนี้เป็นร้านขนาด 1 คูหา มีโต๊ะให้บริการสำหรับทานในร้านแค่ไม่กี่โต๊ค่ะ 
ราคาจะมี พิเศษ 25 บาท บิ๊ก 30 บาทค่ะ
ร้านนี้เปิดให้บริการ 7.15 น.ค่ะ ไปก่อนไม่ขาย ไม่เกินเที่ยงก็หมดแล้ว ส่วนใหญ่ซื้อกลับสะดวกกว่าเพราะโต๊ะในร้านมักจะเต็ม ไปทีไรหน้าร้านไม่เคยว่าง บางทีท้อเปลี่ยนใจไม่กินเพราะขี้เกียจรอคิว...แต่ที่นี่เค้าทำเร็วนะคะ รอไม่นานเท่าไหร่ นอกเสียจากว่าจะเจอสั่งเซทใหญ่ตัดหน้า ฮ่าๆๆ
ข้าวมันไก่ข้าวจะชุ่มๆไม่แห้งแต่ก็ไม่เละ  รวมๆรสชาติดีค่ะ ไก่นุ่ม น้ำซุปเข้มข้นดี (ออกเค็มๆ) น้ำจิ้มสั่งกลับบ้านเค้าแยกพริก-ขิงให้ค่ะ",0,8.092757173114671e-05
"ศิลปะบนจาน ความงามที่ต้องลั่นชั๊ตเตอร์
เป็นร้านอาหารที่ดีงาม รามอินทรา-อาจนรงค์ สุดๆ คือดี๊ !!! 

ต้องสั่งเลย !!! 
แกงเหลืองขาหมูสุดยอด ????????????????????????????????????
แซวม่อนซี๊ด 
สิงเหนือเสือใต้ 
ข้าวหน้าปูกระเพราไข่ออนเซ็น 

ความครีเอท ความสร้างสรร คือ สุดยอด
อร่อยมาก ด้วยค่ะ ที่สำคัญเลย 

เมนู ให้เลือกเยอะมาก ไม่เสียดายเงินเลยอะ แบบว่า ถ้าอยากทานของอร่อย คุณจะไม่ผิดหวัง กับร้านนี้เลย

ป.ล. ขอชื่นชม พนักงานทุกท่าน มากๆค้า เป็นร้านที่มี ทรัพยากรบุคคล ที่ดีเด่น มากๆเลย ????",0,0.3276683139517237
"บรรยากาศ : มีร่มห้อยๆ โอเคเลย สวย แสงก็สวย เป็นส่วนตัวนิดๆ
บริการ : ดีครับ ออกอาหารเร็วดี 
อาหาร : อร่อย ทุกอย่าง มี ไข่ตุ๋น ซุปมิโสะ กับ กิมจิ ฟรี~ ปลาก็ดีนะครับ แต่... ผมดันไปเจอ เส้นผม? หรือ ขนส่วนไหนไม่รุ้บนซูชิ... ถ้าไม่มีตรงนี้จะได้4-5ดาวเลยทีเดียวครับ...",0,0.987375049638756
"ที่ตั้ง Terminal 21 ชั้น 4 โซนด้านหลัง ร้านใหญ่ที่นั่งเยอะ ส่วนมากมาแล้วมักจะได้ที่นั่งเลย ไม่ค่อยจะต้องรอนัก ถ้าต้องรอก็รอไม่นาน

วันนี้ที่เก๋คือมีบริการถ่ายรูปครอบครัวให้เนื่องในวันครอบครัว 13/4/2557 ที่ผ่านมาและอัดใส่กรอบกระดาษให้อย่างสวยงาม กิ๊ฟเก๋ดีมาก

**รีวิวนี้เป็นความเห็นส่วนตัว หากผิดพลาดประการใดขออภัยด้วยนะคะ**",0,1.0030141627948412e-06
ลบแอปโลด แถมไม่ต้องเจอกันอีกเลยนะ แอปนี้ 555,1,0.9992327076857692
"ร้านนี้อยู่ในซอยนิคมขนมจีน ผลิตแต่ขนมจีน แต่ก็มีร้านก๋วยเตี๋ยวหมูเด้งแสนอร่อย ตั้งอยู่เด่นในซอย ร้านนี้สั่งได้หลายเด้ง ราคาแล้วแต่เด้ง น้ำดื่มฟรีบริการตัวเอง 

 น้ำซุปอร่อยไม่ต้องปรุงเพิ่มเลย  น้ำก๋วยเตี๋ยวร้อนดีมาก   แต่ต้มยำกับเตี๋ยวแห้ง ให้มะนาวน้อยไปหน่อย แทบไม่มีรสชาติมะนาว แต่สามารถขอเพิ่มมะนาวเพิ่มได้  หมูเด้งอร่อย ให้หมูแดงเสริมมาอีก ส่วนตัวชอบมาก  แต่เส้นบะหมี่เหลือง ไม่ค่อยอร่อย รู้สึกแป้งเยอะไปหน่อย",0,0.0002653024477920447
กะลาแลนด์แดนรีดไถไง ผิดกฎหมายในไทย งานวิจัยนอกก็ไม่สน จะวิจัยเองก็ทำไม่ได้ผิดกฏหมายอีก เวลกรรม หัวอกเดียวกับพวกกัญชาเลย,0,0.9999711428726236
ลีโอขมชิบหายค่ะ นี่กินลีโอไง รอถามแม่ตอนแม่มาหาดีกว่า อร่อยตรงไหน,0,0.998967768981972
กินเจอบูตะคอร์นมีกลิ่นเหม็น แย่สุดๆ ลองให้พนักงานชิม รีบเปลี่ยนมาให้ใหม่เลย ของสดจริงจ้ะ - -,1,0.9991440993356283
วิเคราะห์อย่างดีแต่สุดท้าย555 เชียงใหม่อยู่ภาคใต้เครค้ะ😂👌,1,0.9999706884662881
เป็นเมดที่สิงคโปร์เงินไม่ดีเท่าไหร่หรอกค่ะ แค่เมดที่บ้านใช้ sk-ii ครบเซทแค่นั้นเอง 5555555555555555555555,1,0.9999816571009499
ขายสินค้าที่เป็นไปได้สิคะ....ใช้สมองเยอะๆ ....แต่ผ้าอนามัยใช้เย็นดีจริงคร่า555,1,0.9986114765362546
ใช่แล้วครับ พวกดีเซลตัวทำมลพิษเลย แย่จริงๆ ว่าแล้วก็เอา MU X 3.0 ไปอุด EGR+Remap ดีกว่า 555,0,0.999860177965895
สวยสุดๆ...ยกเว้นไฟท้าย...ดูไม่ได้เลย ได้มาฟรีๆผมจะไม่ขับเลย ขาย ไปซื้อ Nissan March ขับดีกว่า 555 เงินที่เหลือเอาไปเท่วยุโรปมั่ง,1,0.9999477477402944
แอดมินของร้านเดอะเฟสช็อปก็มั่นหน้าเก่งร่วมไปกับฟคดีแท้ 555555 ปากนี่ไม่ต่างกับแอดมินของอีเถ้าแก่อะ,1,0.999726278286406
ดีนะเนี่ยที่ไม่เข้ามาตั้งแต่แรก โชคดีไปค่ะ ไม่ต้องมาเสียความรู้สึกแบบเพื่อนๆ และคูปองที่ได้ก้อไม่ได้ลดค่าอาหารใช่รึป่าวค่ะ โอ้ววว!! My God 555,0,0.9999753170967269
การช็อปปิ้งที่ show dc เป็นอะไรที่แปลกใหม่ที่สุดในชีวิต เดินวนสิบรอบเพราะไม่รู้จะซื้ออะไรดี 55555555555555555555,1,0.999828691858343
กาวข้างหลังผ้าอนามัยติดทุกอย่างยกเว้นกางเกงในจ้าาา ใส่ดีๆ อย่าให้มันพลิกกลับด้านเด็ดขาด ไม่งั้นมีร้อง เอื้ออออออ 55555,1,0.999860177965895
อินนิสฟรี ติดสงกานต์หมดเลยจ้าาาา ค้างอยู่ไปรฯ เพื่อนๆ โปรดรอ 555555 สัญญาณโทรศัพท์ก็ไม่มี.....รถก็เสีย ฮัลโหลลบ สวัสดีปีใหม่ไทยค่าาาา,1,0.9938070099281241
ของเรา 2 คน 4 กลม ก็อาการเดียวกัน นั่งคุยกับชักโครกซะยาว และหลังจากนั้นก็ไม่ได้เจอกับสเมอร์นอฟมิ้ดไนท์อีกเลย ลาจากกันถาวร 55555,0,0.9621075711974104
โดนน้องสาวเรียกไปโวยวายว่าไม่ต้องซื้อผ้าอนามัยเย็นจิ๋มมาแล้วนะ เย็นไปหมด เย็นยะเยือก 5555 ทำไมล่ะ เปลี่ยนบรรยากาศไง ตื่นเต้นดีออก,1,0.9948603880262168
"ผ่อนฟอจูนเนอร์ งวดละ1,299 ผ่อน60ปี่หรือไม่ก็ผ่อน3ชั่วอายุคนเลยมี่เดียวนะ55555555",1,0.9993833703503229
เดี๋ยวไปจัดเบียร์ช้างสักลัง ตอบเเทนคุณสันติ 5555,0,0.9986329744482684
เมื่อก่อนเรียกกันเสี่ย แต่เดี๋ยวนี้เรียกเหี้ยกันซะหมด. อีกสักครั้งไหมป๊า5555,1,0.999576115218632
ผ้าอนามัยลอรีเอะ คูลลิ่งเฟรช จะเย็นอะไรเบอร์นี้ 🙄 ฉี่แล้วฉีดที แสบสันเหมือนมีใครเอายาหม่องมาป้ายฮี ฮือออทรมาน555555555,1,0.9994725216957409
👏👏👏👏เหมือนรุ้ว่าต้องการ555,1,0.996570396324984
การท่องเที่ยวไทยเจ๊งแน่ ๆ 5555 รัฐบาลจะทำอย่างไรดี,0,0.9999053873442147
คนอื่นใช้แค่โทนเนอร์ของบู๊ทยังดีเลยอะ นี่ขนาดเอสเซนส์ของสกินฟู้ดยังไม่ดีเลยจ้า5555555,1,0.9994642194461301
จิงอ่าาา เหมือนต้ม อยุ่กับบ้านเลย 5555 สงสารอ่ะ. แต่ก้ขำค่ะ #ดีนะไม่มีสาขาใกล้บ้านที่เปนแบบนี้,0,0.9967775155787738
5555 ใช่ค่ะ นางบอกถ้าใช้ ios ให้ใช้ apple tv เดี๋ยวนะ คือเอ็งต้องพัฒนาแอพสิ ฮือ ปวดหัววว 55555,0,0.9997086300375749
เอมเค 370 บาท 5555+ แม่งมื้อเดียวอยู่ได้กี่วัน,1,0.9998390692043962
